icao,airline,callsign
BOI,"2GO","ABAIR"
EVY,"34 Squadron, Royal Australian Air Force","Multiple"
GNL,"135 Airways","GENERAL"
WYT,"2 Sqn No 1 Elementary Flying Training School","WYTON"
TFU,"213th Flight Unit","THJY"
CHD,"223rd Flight Unit","CHKALOVSK-AVIA"
TTF,"224th Flight Unit","CARGO UNIT"
TWF,"247 Jet Ltd","CLOUD RUNNER"
SEC,"3D Aviation","SECUREX"
MLA,"40-Mile Air","MILE-AIR"
QRT,"4D Air","QUARTET"
PIU,"43 Air School","PRIMA"
WAZ,"Wizz Air Abu Dhabi","WIZZ SKY"
UBE,"Bees Airline","FLOWER BEE"
JYH,"9 Air","TRANS JADE"
BRO,"2Excel Aviation","BROADSWORD"
DWI,"Arajet","Arajet"
GBT,"A-Jet Aviation Aircraft Management","GLOBETROTTER"
AJR,"A-Jet Aviation Company","JET MONGOLIA"
SFM,"A-Safar Air Services","AIR SAFAR"
AJJ,"A2 Jet Leasing","ATLANTIC JET"
XXV,"AASANA",""
BBE,"Ababeel Aviation","BABEL AIR"
ABJ,"Abaeté Linhas Aéreas","ABAETE"
NKP,"Abakan Air","ABAKAN AIR"
ABG,"Abakan-Avia","ROYAL FLIGHT"
ABE,"Aban Air","ABAN"
MRP,"Abas","ABAS"
AHU,"ABC Air Hungary","ABC HUNGARY"
FTY,"ABC Bedarfsflug","FLY TYROL"
AAB,"Abelag Aviation","ABG"
BDV,"Aberdair Aviation","ABERDAV"
ROH,"Aberdair Aviation Ghana",""
ADJ,"Abidjan Air Cargo","ABICAR"
ABP,"ABS Jets","BAIR"
LTG,"ABSA Cargo","Tam Cargo"
TTN,"Absolute Flight Services","TITANIUM"
ABX,"ABX Air","ABEX"
IAE,"AC Insat-Aero",""
NCL,"ACA (Ancargo Air)","ANCARGO AIR"
ACD,"Academy Airlines","ACADEMY"
CYD,"AccessAir","CYCLONE"
CFM,"ACEF","ACEF"
ARO,"Acero Taxi","ACERO"
AES,"ACES Colombia","ACES"
BVR,"ACM Air Charter","BAVARIAN"
BJT,"ACM Aviation","BAY JET"
CRV,"Acropolis Aviation","ACROPOLIS"
ORS,"Action Air","AVIATION SERVICE"
AXQ,"Action Airlines (Action Air Charter)","ACTION AIR"
AVR,"Active Aero Charter, Inc.","ACTIVE AERO"
RRM,"Acvila Air-Romanian Carrier","AIR ROMANIA"
ADC,"AD Astra Executive Charter","AD ASTRA"
VUE,"AD Aviation","FLIGHTVUE"
ADE,"Ada Air","ADA AIR"
DHI,"Adam Air","ADAM SKY"
ADK,"ADC Airlines","ADCO"
ADW,"ADC Airways",""
DSC,"Addis Air Cargo Services","ADDIS CARGO"
DDS,"Addis Airlines","ADDIS LINE"
ADF,"Ade, Aviación Deportiva","ADE AVIACION"
TEC,"ADI Shuttle Group","TECHJET"
SWH,"Adler Aviation","SHOCKWAVE"
ADR,"Adria Airways","ADRIA"
DRO,"Adro Servicios Aereos","ADRO SERVICIOS"
ADV,"Advance Air Charters","ADVANCE"
AXX,"Advance Air Luftfahrtgesellschaft","SKY SHUTTLE"
AAX,"Advance Aviation","ADVANCE AVIATION"
XTJ,"Advance Aviation Services",""
WSN,"Advanced Air","WINGSPAN"
ADD,"Advanced Air Co.",""
ADV,"Advanced Flight Training","ADVANCED"
RDD,"Adygea Airlines","ADLINES"
DVN,"Adventia",""
EBS,"AEG Aviation Services",""
AEE,"Aegean Airlines","AEGEAN"
ALS,"Aeralp","AERALP"
AEF,"Aerea",""
DRD,"Aereo Dorado","AEREO DORADO"
FUT,"Aereo Futuro","AEREO FUTURO"
MMG,"Aereo Ruta Maya","RUTA MAYA"
AGI,"Aereo Transportes Los Angeles de America","ANGELES AMERICA"
WWG,"Aereo WWG","AERO-W"
AED,"Aernord","Aernspa"
AKR,"Aero Clinker","AERO CLINKER"
RRB,"Aero Club de Castellon",""
CND,"Aero Continente Dominicana","CONDOMINICANA"
ARP,"Aero Corporate","IVORYCORP"
AEK,"Aero Costa Rica","ACORISA"
EPU,"Aero Elite Acapulco","ELITACAPULCO"
XPN,"Aero Express",""
AJP,"Aero Jets Corporativos","AEROJETS"
TKJ,"AJet","ANATOLIAN"
OWN,"Aero Owen","AERO OWEN"
GHM,"Aero Service Bolivia",""
GLM,"Aero Services Mali","GLOBAL MALI"
GUE,"Aero Servicio Guerrero","AERO GUERRERO"
ASR,"Aero Sotravia","SOTRAVIA"
ABA,"Aero-Beta","AEROBETA"
UCR,"Aero-Charter Ukraine","CHARTER UKRAINE"
EAP,"Aero-Pyrenees","AERO-PYRENEES"
AJH,"Aeroaljarafe","ALJARAFE"
AOB,"Aerocaribe Coro","CARIBE CORO"
CRN,"Aero Caribbean","AEROCARIBBEAN"
ACR,"Aerocenter, Escuela de Formación de Pilotos Privados de Avión","AEROCENTER"
ERC,"Aerocharter",""
BSO,"Aeroclub Barcelona-Sabadell",""
NVA,"Aeroclub de Albacete",""
LUE,"Aeroclub de Alicante",""
MLL,"Aeroclub de Mallorca","MALLORCA"
AVX,"Aeroclub de Vitoria",""
CTD,"Aerocorporativos","AEROCORPORATIVOS"
RRO,"Aerocredo",""
DVI,"Aerodavinci","AERO DAVINCI"
FAQ,"Aerofaq",""
AFL,"Aeroflot","AEROFLOT"
PLS,"Aeroflot-Plus","AEROPLUS"
AEG,"Aerofumigaciones Sam","FUMIGACIONES SAM"
AGQ,"Aerogala","GALASERVICE"
ARH,"Aerohelicopteros","AEROHELCA"
BJU,"AeroJet","JET EXPRESS"
ARJ,"Aerojet de Costa Rica, S.A.",""
LFT,"Aerolift Company","LIFTCO"
LIN,"Aerolimousine","AEROLIMOUSINE"
PCP,"Aerolínea Principal Chile","PRINCIPAL"
ALT,"Aerolíneas Centrales","AERLINEAS CENTRALES"
AHL,"Aerolíneas Hidalgo","HIDALGO"
APR,"Aerolíneas Primordiales","AEROPERLAS"
LDL,"Aerologic",""
VSC,"Aeronautic de Los Pirineos",""
PSE,"Aeroservicio Sipse","SIPSE"
PSL,"Aeroservicios Corporativos De San Luis","CORSAN"
EAE,"Aeroservicios Ecuatorianos","AECA"
AES,"Aerosur Paraguay","AEROPARAGUAY"
BTS,"Aerotaxis Albatros","AEROLINEAS ALBATROS"
PRI,"Aerotransportes Privados","AEROPRIV"
PVA,"Aerotransportes Privados","TRANSPRIVADO"
VMX,"Aeroventas de Mexico","VENTA"
ABU,"Aerovías Bueno","AEROBUENO"
ACB,"African Cargo Services","AFRICARGO"
AAP,"Arabasco Air Services","ARABASCO"
AAR,"Americ Air","PATRIOT"
AAS,"Airtransservice","Aviaservice"
AAS,"Austrian Air Services","AIR SERVICES"
AAT,"Austrian Airtransport","AUSTRIAN CHARTER"
AAV,"Aly Aviation",""
AAW,"Austin Airways","AUSTIN"
AAW,"Allied Airways",""
AAW,"Almeta Air","ALMETA AIR"
AAZ,"Asian Air",""
ABT,"Ambeo","AMBITION"
ABE,"Arberia Airlines","ARBERIA AIRLINES"
ACE,"Air Charter Express",""
ACQ,"Aryan Cargo Express",""
ACS,"Aircraft Sales and Services","AIRCRAFT SALES"
ABS,"Air Central","AIR CENTRAL"
ADT,"Arrendaminetos y Transportes Turisticos","ARRENDA-TRANS"
ADZ,"Avio Delta",""
AED,"Aie Experience Flight","AIE EXPERIENCE"
AFF,"Africa Airways","AFRIWAYS"
AFM,"AEROSPEED FORMATION ET MAINTENANCE","EPIC AIR"
LBR,"Air Costa (Lepl Project Limited)",""
FLA,"Air Florida","PALM"
MAC,"Air Arabia Maroc","ARABIA MAROC"
MRY,"Air Marine","AIR MARINE"
PNK,"Air Pink","AIRPINK"
PXG,"Aitheras Aviation Group",""
AFN,"African International Airlines","SIMBA"
ADO,"AIRDO","AIR DO"
ACC,"Airspeed Charter",""
PNX,"AIS Airlines","SPINNER"
AVD,"Álamo Aviación, S.L.","ALAMO"
FSY,"Algonquin Airlink","FROSTY"
TTX,"Alliance Air Charters","TWISTER"
LMU,"AlMasria Universal Airlines","ALMASRIA"
ALN,"Alpha Jet, S.R.O.","TOLEMAC"
APN,"Alpine Airlines","AIR ALPES"
BAH,"The Amiri Flight","BAHRAIN"
AWG,"Animawings","ANIMA WINGS"
TLB,"Atlantique Air Assistance","TRIPLE-A"
UJX,"Atlas Ukraine Airlines","ATLAS UKRAINE"
AGM,"Aviation West Charters","ANGEL MED"
NVD,"Avion Express","NORDVIND"
AZB,"Azamat","TUMARA"
AEN,"Aeroland Airways","AEROLAND"
NGF,"Air Charity Network","ANGEL FLIGHT"
WFT,"Aircharters Worldwide","WORLD FLIGHT"
ASL,"Air Serbia","AIR SERBIA"
LYN,"Air Kyrgyzstan","ALTYN AVIA"
CCM,"Air Corsica","CORSICA"
AHS,"AHS Air International","HIGH SKY"
ROO,"Aero Roa","AERO ROA"
AWF,"Aeroforward",""
SUP,"Aeronautical Charters","SUN SPEED"
PSO,"Aerotaxis Pegaso","AEROPEGASO"
EIN,"Aer Lingus","SHAMROCK"
EUK,"Aer Lingus UK","GREEN FLIGHT"
VLB,"Air Volta","VOLTA"
FCJ,"AirSprint US","FRACJET"
TEW,"Airteam Charter","TEAMWORK"
STT,"Alpha Star Charter","STAR CHARTER"
LBZ,"Angkasa Super Service",""
HEZ,"Arrow Aviation","ARROW"
UAH,"Air Experience Flight, Cranwell",""
RVQ,"Aero Jet International","REVA AIR"
ASK,"Aerosky","MULTISKY"
AEH,"Aero4m","AEROCUTTER"
ERO,"Aeroecom","AEROECOM"
XAU,"Aerolink Uganda","PEARL"
NKY,"Aeromonkey","AEROMON"
AWP,"Aeroworld Pakistan",""
AGA,"AG Air","GEOLINE"
ABZ,"Air Ambulance Services","ISLAND LIFEFLIGHT"
ROU,"Air Canada Rouge","ROUGE"
CNM,"Air China Inner Mongolia","MENGYUAN"
VRE,"Air Côte d'Ivoire","COTE DIVORIE"
AWL,"Air Walser",""
AXY,"Air X Charter","LEGEND"
OES,"ART Aviation","ART AUSTRIA"
ASF,"Austrian Air Force","AUSTRIAN AIRFORCE"
AVG,"Aviation Legacy","AVILEF"
AZY,"Aztec Worldwide Airlines","AZTEC WORLD"
ACX,"Air Cargo Germany","LOADMASTER"
AAD,"Aero Aviation Centre Ltd.","SUNRISE"
SII,"Aero Servicios Ejecutivos Internacionales","ASEISA"
BZS,"Aero Biniza","BINIZA"
AET,"Aero-Palma","AERO PALMA"
ABM,"Aero Albatros","ALBATROS ESPANA"
AAF,"Aigle Azur","AIGLE AZUR"
AAM,"Aim Air",""
AAO,"Atlantis Airlines (USA)","ATLANTIS AIR"
AAP,"Aerovista Airlines","AEROVISTA GROUP"
AAS,"Askari Aviation","AL-ASS"
AAU,"Australia Asia Airlines","AUSTASIA"
AAV,"Astro Air International","ASTRO-PHIL"
AAW,"Afriqiyah Airways","AFRIQIYAH"
AFU,"Afrinat International Airlines","AFRINAT"
AAX,"Afric'air Express","AFREX"
BRL,"Air Brasd'or","BRASD'OR"
AFH,"Air Fecteau","FECTO"
BRM,"Air 500","BOOMERANG"
AAG,"Atlantic Flight Training","ATLANTIC"
AAG,"Air Atlantique","ATLANTIC"
AAJ,"Air Alma","AIR ALMA"
ACS,"Air Cess",""
ADT,"Air Dorval","AIR DORVAL"
AHN,"Air Hungaria","AIR HUNGARIA"
AHR,"Air Adriatic","ADRIATIC"
AHK,"Air Hong Kong","AIR HONG KONG"
AHS,"Air Viggi San Raffaele","AIRSAR"
AAI,"Air Aurora","BOREALIS"
ACU,"Air Cargo Transportation System","AFRISPIRIT"
ACV,"Air Charter Service",""
ADC,"Air Atlantic Dominicana","ATLAN-DOMINICAN"
ADW,"Air Andaman","AIR ANDAMAN"
AEA,"Air Europa","EUROPA"
AEQ,"Air Express","LUNA"
AEY,"Air Italy","AIR ITALY"
ASW,"Air Southwest Ltd.","AIRSOUTHWEST"
ASX,"Air Special","AIRSPEC"
AMU,"Air Macau","AIR MACAO"
AMW,"Armenia Airways","ARMENIA"
SEY,"Air Seychelles","SEYCHELLES"
SFB,"Air Sofia","AIR SOFIA"
BRF,"Air Bravo","AIR BRAVO"
AFR,"Air France","AIRFRANS"
ACG,"Air Partner","AIR PARTNER"
ACI,"Air Caledonie International","AIRCALIN"
VSG,"AirClass Airways","VISIG"
AKX,"Air Nippon Network Co. Ltd.","ALFA WING"
ALM,"Air ALM","ANTILLEAN"
ALN,"Air Lincoln","CHICAGO LINCOLN"
ACM,"Air Caledonia","WEST CAL"
AXE,"AirExplore","GALILEO"
AGM,"Air Guam","AIR GUAM"
AWI,"Air Wisconsin","WISCONSIN"
ALU,"Air Luxor STP","LUXORJET"
RSI,"Air Sunshine","AIR SUNSHINE"
AGN,"Air Gabon","GOLF NOVEMBER"
RUN,"Air ACT","CARGO TURK"
AFV,"Air Afrique Vacancies","AFRIQUE VACANCE"
ABN,"Air Albania","AIR ALBANIA"
AAQ,"Air Alliance","LIAISON"
ATW,"Air Antwerp","DEVIL"
ABL,"Air Busan","AIR BUSAN"
ACH,"Air Cargo Plus","AIR PLUS"
AAT,"Air Central Asia",""
LEP,"Air Costa","LECOSTA"
AFS,"Air Data",""
GRL,"Air Greenland","GREENLAND"
GUY,"Air Guyane Express","GREEN BIRD"
AHO,"Air Hamburg","AIR HAMBURG"
AJX,"Air Japan","AIR JAPAN"
LIB,"Air Liberté","LIBERTE"
KLA,"Air Lithuania","KAUNAS"
AIM,"Air Malawi","MALAWI"
AMI,"Air Maldives","AIR MALDIVES"
BIE,"Air Mediterranee","MEDITERRANEE"
MKG,"Air Mekong","MEKONG"
AMG,"Air Minas Linhas Aéreas","AIR MINAS"
MNE,"Air Montenegro","MOUNT EAGLE"
TAH,"Air Moorea","AIR MOOREA"
ANV,"Air Nevada","AIR NEVADA"
ANZ,"Air New Zealand","NEW ZEALAND"
ANT,"Air North Charter - Canada","AIR NORTH"
AOE,"Air One Executive",""
AEI,"Air Poland","POLISH BIRD"
APZ,"Air Premia","AIR PREMIA"
AVZ,"Air Valencia","AIR VALENCIA"
AMO,"Air Montreal (Air Holdings Inc.)","AIR MONTREAL"
AMR,"Air Specialties Corporation","AIR AM"
AMS,"Air Muskoka","AIR MUSKOKA"
AOJ,"Avcon Jet","ASTERIX"
AJU,"Air Jetsul","AIRJETSUL"
AKA,"Air Korea Co. Ltd.",""
LIV,"Air Livonia","LIVONIA"
ABL,"Air BC","AIRCOACH"
ABN,"Air Fret Senegal",""
LJA,"Air Jamahiriya Company","AIR JAMAHIRIYA"
AGB,"Air Service Gabon",""
AGV,"Air Glaciers","AIR GLACIERS"
MVM,"Air Cargo America","PEGASUS"
AMY,"Air Ambar","AIR AMBAR"
VGA,"Air Vegas","AIR VEGAS"
AOU,"Air Tractor","AIR TRACTOR"
APA,"Air Park Aviation Ltd.","CAN-AM"
APG,"Air People International","AIR PEOPLE"
ANA,"All Nippon Airways","ALL NIPPON"
ANB,"Air Navigation And Trading Co. Ltd.","AIR NAV"
NGO,"Air-Angol","AIR ANGOL"
TWG,"air-taxi Europe","TWINGOOSE"
NGP,"Air Nigeria","REGAL EAGLE"
SNC,"Air Cargo Carriers","NIGHT CARGO"
SND,"Air Samarkand","ARSAM"
SNG,"Air Senegal International","AIR SENEGAL"
SNY,"Air Sandy","AIR SANDY"
AII,"Air Integra","INTEGRA"
BFF,"Air Baffin","AIR BAFFIN"
BDM,"Air Bandama","BANDAMA"
BER,"Air Berlin","AIR BERLIN"
ABT,"Air Brousse","AIR BROUSSE"
APV,"Air Plan International","AIR PLAN"
ARX,"Air Xpress, Inc.","AIREX"
HTT,"Air Tchad","HOTEL TANGO"
ARZ,"Air Resorts","AIR RESORTS"
ASB,"Air-Spray 1967 Ltd.","AIR SPRAY"
ASC,"Air Star Corporation","AIR STAR"
ASD,"Air Sinai","AIR SINAI"
AQN,"Air Queensland","BUSHAIR"
ARC,"Air Routing International Corp.",""
ARR,"Air Armenia","AIR ARMENIA"
AIL,"Air Illinois","AIR ILLINOIS"
AIC,"Air India Limited","AIRINDIA"
AIG,"Air Inter Gabon",""
SPM,"Air Saint Pierre","SAINT-PIERRE"
WOW,"Air Southwest","SWALLOW"
ATJ,"Air Traffic GmbH","SNOOPY"
ATN,"Air Transport International","AIR TRANSPORT"
ATQ,"Air Transport Schiphol","MULTI"
ATS,"Air Transport Service",""
AVG,"Air Falcon","DJIBOUTI FALCON"
AUX,"Air Uganda International Ltd.",""
AVN,"Air Vanuatu","AIR VAN"
BUB,"Air Bourbon","BOURBON"
ABD,"Air Atlanta Icelandic","ATLANTA"
AIE,"Air Inuit","AIR INUIT"
AIS,"Air Sureste","SURESTE"
SBK,"Air Srpska","Air Srpska"
THT,"Air Tahiti Nui","TAHITI AIRLINES"
NMB,"Air Namibia","NAMIBIA"
NSK,"Air Intersalonika","INTERSALONIKA"
NTL,"Air Anatolia","AIR ANATOLIA"
SGA,"Air Saigon","AIR SAIGON"
AFW,"Afrique Regional Airways","AFRAIR"
AFW,"Africa World Airlines","BLACKSTAR"
ACX,"Air Charters","PARAIR"
AEL,"Air Europe Italy","AIR EUROPE"
AJM,"Air Jamaica","JAMAICA"
AWN,"Air Niamey","AIR NIAMEY"
AWT,"Air West","AIR WEST"
AWW,"Air Wales","RED DRAGON"
FWI,"Air Caraïbes","FRENCH WEST"
AXB,"Air India Express","EXPRESS INDIA"
AXD,"Air Express","AIR SUDEX"
BSB,"Air Wings","ARBAS"
BTI,"Air Baltic","AIRBALTIC"
ANI,"Air Atlantic (Nig) Limited","NIGALANTIC"
ANK,"Air Nippon","ANK AIR"
ANE,"Air Nostrum","AIR NOSTRUM"
ANG,"Air Niugini","NIUGINI"
ABY,"Air Arabia","ARABIA"
ACA,"Air Canada","AIR CANADA"
LAV,"AlbaStar","ALBASTAR"
MHS,"Air Memphis","AIR MEMPHIS"
AXL,"Air Exel","EXEL COMMUTER"
AZF,"Air Zermatt AG","AIR ZERMATT"
AZW,"Air Zimbabwe","AIR ZIMBABWE"
MHU,"Air Memphis","MEPHIS UGANDA"
MKH,"Air Marrakech Service","AIR MARRAKECH"
AZX,"Air Max Africa","AZIMA"
RSH,"Air Sahara","SAHARA"
ATA,"Air Transport Association",""
ATC,"Air Tanzania","TANZANIA"
XAC,"Air Charter World",""
VBW,"Air Burkina","BURKINA"
ATH,"Air Travel Corp.","AIR TRAVEL"
AMC,"Air Malta","AIR MALTA"
TGA,"Air Togo","AIR TOGO"
ASJ,"Air Satellite","SATELLITE"
ASN,"Air and Sea Transport",""
ASS,"Air Class, S.A. de C.V.","AIR CLASS"
NPL,"Air Nepal International","AIR NEPAL"
NPR,"Air Napier",""
WAM,"Air Taxi & Cargo","TAXI CARGO"
RSM,"Air Somalia","AIR SOMALIA"
AWZ,"AirWest",""
AAY,"Allegiant Air","ALLEGIANT"
AAZ,"Angus Aviation","ANGUS"
ABA,"Artem-Avia","ARTEM-AVIA"
ABB,"African Business and Transportations","AFRICAN BUSINESS"
ABF,"Aerial Oy","SKYWINGS"
ABK,"Alberta Citylink","ALBERTA CITYLINK"
ABO,"APSA Colombia","AEROEXPRESO"
ABV,"Antrak Air","ANTRAK"
ABX,"Airborne Express","ABEX"
ABZ,"ATA Brasil","ATA-BRAZIL"
ACC,"Avcard Services",""
ACY,"Atlas Cargo Airlines","ATLAS CARGOLINES"
ADA,"Airservices Australia","AUSCAL"
TID,"Air Tindi","TINDI"
ADB,"Antonov Airlines","ANTONOV BUREAU"
ADG,"Aerea Flying Training Organization","AEREA TRAINING"
ADI,"Audeli Air","AUDELI"
ADL,"Aero Dynamics","COTSWOLD"
ADN,"Aero-Dienst","AERODIENST"
ADP,"Aerodiplomatic","AERODIPLOMATIC"
ADY,"Air Arabia Abu Dhabi","Nawras"
ADQ,"Avion Taxi","AIR DATA"
ADS,"Aviones de Sonora","SONORAV"
ADU,"Airdeal Oy","AIRDEAL"
AEB,"Aero Benin","AEROBEN"
AEC,"Aerocésar","AEROCESAR"
AED,"Aerotrans Airlines",""
ADX,"Anderson Aviation","ANDAX"
AEI,"Aeroexpreso Interamericano","INTERAM"
AEJ,"Air Express","KHAKI EXPRESS"
AEK,"Aerocon","AEROCON"
AEM,"Aero Madrid","AEROMADRID"
AEN,"Air Enterprise","AIR ENTERPRISE"
AEO,"Aeroservicios Ejecutivos Del Occidente","AERO OCCIDENTE"
AEP,"Aerotec Escuela de Pilotos","AEROTEC"
AAC,"AmericanConnection","CONNECT AMERICA"
AAA,"Ansett Australia","ANSETT"
AAC,"Army Air Corps","ARMYAIR"
AEU,"Astraeus","FLYSTAR"
AEV,"Aeroventas","AEROVENTAS"
AEW,"Aerosvit Airlines","AEROSVIT"
AEX,"Airway Express","AVCO"
AEZ,"Aerial Transit","AERIAL TRANZ"
AFA,"Alfa Air","BLUE ALFA"
AFB,"American Falcon","AMERICAN FALCON"
UTY,"Alliance Airlines","UNITY"
UVS,"Air Universal","UNI-LEONE"
UVT,"Auvia Air","AUVIA"
AFC,"African West Air","AFRICAN WEST"
AFE,"Airfast Indonesia","AIRFAST"
AFG,"Ariana Afghan Airlines","ARIANA"
AFI,"Africaone","AFRICAWORLD"
AFJ,"Alliance Air","JAMBO"
AFK,"Africa Air Links","AFRICA LINKS"
AFO,"Aero Empresa Mexicana","AERO EMPRESA"
AFQ,"Alba Servizi Aerotrasporti","ALBA"
AFX,"Airfreight Express",""
AFY,"Africa Chartered Services","AFRICA CHARTERED"
AFZ,"Africa Freight Services","AFREIGHT"
AGA,"Aeronaves Del Centro",""
AGC,"Arab Agricultural Aviation Company","AGRICO"
AGF,"Atlantic Gulf Airlines","ATLANTIC GULF"
SLI,"Aeroméxico Connect","COSTERA"
AGG,"Algoma Airways","ALGOMA"
AGH,"Altagna","ALTAGNA"
AGO,"Angola Air Charter","ANGOLA CHARTER"
AGP,"AERFI Group","AIR TARA"
AGT,"Amadeus IT Group","AMADEUS"
AGU,"Angara Airlines","SARMA"
AGW,"Aero Gambia","AERO GAMBIA"
AGX,"Aviogenex","GENEX"
BLR,"Atlantic Coast Airlines","BLUE RIDGE"
BLZ,"Aero Barloz","AEROLOZ"
PLI,"Aeroperú","Aeroperu"
BMM,"Atlas Blue","ATLAS BLUE"
BNB,"Aero Banobras","AEROBANOBRAS"
AGY,"Aero Flight Service","FLIGHT GROUP"
AGZ,"Agrolet-Mci","AGROLET"
AHA,"Air Alpha Greenland","AIR ALPHA"
AHC,"Azal Avia Cargo","AZALAVIACARGO"
AHE,"Airport Helicopter Basel, Muller & Co.","AIRPORT HELICOPTER"
CJE,"Aeroservices Corporate","BIRD JET"
AHF,"Aspen Helicopters","ASPEN"
AHG,"Aerochago Airlines","AEROCHAGO"
AHH,"Airplanes Holdings","AIRHOLD"
AHP,"Aerochiapas","AEROCHIAPAS"
AHW,"Aeromist-Kharkiv","AEROMIST"
AHY,"Azerbaijan Airlines","AZAL"
AIA,"Avies","AVIES"
AIB,"Airbus Industrie","AIRBUS INDUSTRIE"
AIH,"Air Incheon","AIR INCHEON"
ASV,"Air Seoul","AIR SEOUL"
AIK,"African Airlines International Limited","AFRICAN AIRLINES"
AIN,"African International Airways","FLY CARGO"
AIP,"Alpine Air Express","ALPINE AIR"
AIU,"Alicante Internacional Airlines","ALIA"
ABQ,"Airblue","AIRBLUE"
THM,"Airmark Aviation","THAI AIRMARK"
AIR,"Airlift International","AIRLIFT"
AIT,"Airest","AIREST CARGO"
AIV,"Airvias S/A Linhas Aéreas","AIRVIAS"
BES,"Aero Services Executive","BIRD EXPRESS"
AIW,"Atlantic Island Airways","TARTAN"
AIX,"Aircruising Australia","CRUISER"
AIY,"Aircrew Check and Training Australia","AIRCREW"
AIZ,"Arkia Israel Airlines","ARKIA"
AJA,"Afghan Jet International Airlines","AFGHAN JET"
AJB,"Aero JBR","AERO JBR"
AJE,"Aero Jet Express","JET EXPRESS"
AJI,"Ameristar Jet Charter","AMERISTAR"
AJK,"Allied Air","BAMBI"
AJO,"Aero Ejecutivo","AEROEXO"
AJS,"Aeroejecutivos Colombia","AEROEJECUTIVOS"
AJT,"Amerijet International","AMERIJET"
AJV,"ANA & JP Express","AYJAY CARGO"
AJW,"Alpha Jet International","ALPHAJET"
AJY,"AJet","AYJET"
AKB,"Aktjubavia","KARAB"
AKC,"Arca Aerovías Colombianas Ltda.","ARCA"
AKF,"Anikay Air Company","ANIKAY"
AKH,"Akhal","AKHAL"
MNI,"Aeromilenio","AEROMIL"
AKK,"Aklak Air","AKLAK"
AKL,"Air Kiribati","KIRIBATI"
AKN,"Alkan Air","ALKAN AIR"
AKW,"Angkor Airways","ANGKORWAYS"
AKZ,"AK Navigator LLC","ABSOLUTE"
ALB,"Aero Albatros","ALBATROS"
ALD,"Albion Aviation","ALBION"
ALE,"Aeroalas Colombia","AEROALAS"
ALF,"Allied Command Europe (Mobile Force)","ACEFORCE"
FYS,"American Flyers","AMERICAN FLYERS"
DFA,"Aero Coach Aviation","AERO COACH"
ASQ,"Atlantic Southeast Airlines","ACEY"
ALG,"Air Logistics","AIRLOG"
ALL,"Aerovallarta","VALLARTA"
AWE,"America West Airlines","CACTUS"
TNO,"Aerotransporte de Carga Union","AEROUNION"
TND,"Aero Taxis Cessna","TAXIS CESSNA"
TMP,"Arizona Express Airlines","TEMPE"
ALO,"Allegheny Commuter Airlines","ALLEGHENY"
ALP,"Allpoints Jet","ALLPOINTS"
ALP,"Alpliner AG","ALPINER"
ALQ,"Altair Aviation (1986)","ALTAIR"
ALV,"Aeropostal Alas de Venezuela","AEROPOSTAL"
ALW,"Alas Nacionales, S.A.","ALNACIONAL"
ALY,"Alyeska Air Service","ALYESKA"
ALZ,"Alta Flights (Charters) Ltd.","&nbsp;"
AMA,"ATMA","ADIK"
AMD,"Aerolíneas Medellín","AEROLINEAS MEDELLIN"
AMF,"Ameriflight","AMFLIGHT"
AMH,"Alan Mann Helicopters Ltd.","MANN"
AMJ,"Aviation Amos","AVIATION AMOS"
AMK,"Amerer Air","AMER AIR"
AMM,"Aeroputul International Marculesti","AEROM"
AMM,"Air 2000","JETSET"
AMP,"Aero Transporte S.A. (ATSA)","ATSA"
AMQ,"Aeromedicare Ltd.","LIFELINE"
AMQ,"Aircraft Management and Consulting","AMEX"
AMT,"ATA Airlines","AMTRAN"
AMV,"AMC Airlines","AMC AIRLINES"
AMX,"Aeroméxico","AEROMEXICO"
AMZ,"Amiya Airline","AMIYA AIR"
ANC,"Anglo Cargo","ANGLO"
BRP,"AeroBratsk","AEROBRA"
ANH,"Alajnihah for Air Transport","ALAJNIHAH"
ANM,"Aerotransportacion de Norteamerica","NORAM"
ANM,"Antares Airtransport, Maintenance & Service GmbH","ANTARES"
ANO,"Airnorth","TOPEND"
ANQ,"Aerolínea de Antioquia","ANTIOQUIA"
ANS,"Andes Líneas Aéreas","AEROANDES"
AOM,"AOM French Airlines","French Lines"
ANW,"Aviación Del Noroeste, S.A. de C.V.","AVINOR"
SAP,"Avia Jaynar","TOBOL"
EMS,"Aero Servicios Empresariales","SERVIEMPRESARIAL"
AOA,"Alcon Servicios Aéreos, S.A. de C.V.","ALCON"
AOC,"AVCOM","AERO AVCOM"
AOD,"Aero Vodochody","AERO CZECH"
AOF,"Atair Pty Ltd.","ATAIR"
AOG,"Aero VIP","AVIP"
MUN,"Aeromundo Ejecutivo","AEROMUNDO"
MUR,"Aerolínea Muri","MURI"
AOI,"Astoria, Inc.","ASTORIA"
NRO,"Aero Rent JSC","AEROMASTER"
NRP,"Aeronord-Grup","AERONORD"
AOK,"Aeroatlantico Colombia",""
AOL,"Angkor Airlines","ANGKOR AIR"
AON,"Aero Entreprise","AERO ENTERPRISE"
AOO,"As, Opened Joint Stock Company","COMPANY AS"
AOP,"Aeropiloto","AEROPILOTO"
VIV,"Aeroenlaces Nacionales","AEROENLACES"
VIZ,"Aerovis Airlines","AEROVIZ"
VJE,"AvJet Routing",""
VGF,"Aerovista Gulf Express","VISTA GULF"
VER,"Almaver","ALMAVER"
AOR,"Afro International Ent. Limited","INTER-AFRO"
SMX,"Alitalia Express","ALIEXPRESS"
AOT,"Asia Overnight Express","ASIA OVERNIGHT"
AOV,"Aero Vision","AEROVISION"
AOX,"Aerotaxi Del Valle","AEROVALLE"
APC,"Airpac Airlines, Inc.","AIRPAC"
SVM,"Aeroservicios Monterrey","SERVIMONTE"
APF,"Amapola Flyg AB","AMAPOLA"
APH,"Alpha Aviation, Inc.","AIRFLIGHT"
API,"ASA Pesada, Lda.","ASA PESADA"
APJ,"Peach Aviation","AIR PEACH"
PET,"Aerotransporte Petrolero","AEROPETRO"
ARF,"Aero Flight","Aero Fox"
BKL,"Aircompany Barcol","BARCOL"
BLA,"All Charter Limited","ALL CHARTER"
APL,"Appalachian Flying Service, Inc.","APPALACHIAN"
APM,"Airpac, Inc.","ALASKA PACIFIC"
APO,"Aeropro","AEROPRO"
APP,"AlpAvia d.o.o.","ALPAVIA"
APQ,"Aspen Aviation","ASPEN BASE"
APU,"Aeropuma, S.A.","AEROPUMA"
APW,"Arrow Air","BIG A"
APX,"Apex Air Cargo","PARCEL EXPRESS"
APY,"APA Internacional","APA INTERNACIONAL"
AQA,"Aeroatlas, S.A.","ATCO"
AQL,"Aquila Air Ltd.","AQUILA"
AQO,"Aluminum Company Of America","ALCOA SHUTTLE"
AQT,"Avioquintana","AVIOQUINTANA"
AQU,"AirQuarius Aviation","QUARIUS"
AQZ,"Aerodyne Charter Company","QUANZA"
ARA,"Arik Air","ARIK AIR"
ARB,"Avia Air N.V.","AVIAIR"
AWT,"Albawings","ALBAWINGS"
ARE,"Aires, Aerovías de Integración Regional, S.A.","AIRES"
ARG,"Aerolíneas Argentinas","ARGENTINA"
ARH,"Arrowhead Airways","ARROWHEAD"
ARI,"Aero Vics","AEROVICS"
SUN,"Antillana De Navegación Aérea",""
SUO,"Aeroservicios De San Luis","SERVICIO SANLUIS"
SUP,"Aerosuper","AEROSUPER"
ARK,"Aero Link Air Services S.L.","LINK SERVICE"
ARL,"Airlec - Air Aquitaine Transport","AIRLEC"
ARM,"Aeromarket Express","AMEX"
ARO,"Arrow Aviation Ltd.","ARROW"
KLD,"Air Klaipėda","AIR KLAIPEDA"
ARQ,"Armstrong Air, Inc.","ARMSTRONG"
ARS,"Aeromet Servicios","METSERVICE"
ART,"Aerotal Aerolíneas Territoriales de Colombia Ltda.","AEROTAL"
ARV,"Aravco Ltd.","ARAVCO"
ARW,"Aria","ARIABIRD"
OST,"Airline Alania","ALANIA"
HUC,"Aerolíneas de Techuacán","LINEAS TEHUACAN"
HUT,"Aerotransportes Huitzilin","AEROHUITZILIN"
HUY,"Aero Transportes Del Humaya","AERO HUMAYA"
ARY,"Argosy Airways","GOSEY"
ASA,"Alaska Airlines, Inc.","ALASKA"
ASE,"Airstars","MOROZOV"
ASF,"Air Schefferville, Inc.","SCHEFF"
ASG,"African Star Airways (PTY) Ltd.","AFRICAN STAR"
ASI,"Aerosun International, Inc.","AEROSUN"
ASM,"Awesome Flight Services (PTY) Ltd.","AWESOME"
ASO,"Aero Slovakia","AERO NITRA"
ASP,"Airsprint","AIRSPRINT"
ASR,"All Star Airlines, Inc.","ALL STAR"
AST,"Aerolíneas Del Oeste","AEROESTE"
WAP,"Arrow Panama","ARROW PANAMA"
ASV,"Astravia-Bissau Air Transports Ltd.","ASTRAVIA"
ASZ,"Astrakhan Airlines","AIR ASTRAKHAN"
ATB,"Atlantair Ltd.","STARLITE"
ATD,"Aerotours Dominicana","AEROTOURS"
ATE,"Atlantis Transportation Services, Ltd.","ATLANTIS CANADA"
ATG,"Aerotranscargo","MOLDCARGO"
ATI,"Aero-Tropics Air Services","AEROTROPICS"
ATK,"AeroTACA","AEROTACA"
ATL,"Atlas Air Service AG","AIR BREMEN"
ATM,"Par Avion","AIRTAS"
CPV,"Air Corporate","AIRCORPORATE"
ATP,"ASTRAL Colombia - Aerotransportes Especiales Ltda.","ASTRAL"
FEO,"Aeroferinco","FERINCO"
FES,"Aero Taxis Y Servicios Alfe","AERO ALFE"
FFA,"Avialesookhrana","AVIALESOOKHRANA"
FFB,"Africair Service","FOXTROT FOXTROT"
ATR,"Atlas Airlines","ATLAS-AIR"
ATT,"Aer Turas","AERTURAS"
ATU,"Atlant Aerobatics Ltd.","ATLANT HUNGARY"
ATV,"Avanti Air","AVANTI AIR"
ATW,"Aero Trades (Western) Ltd.","AERO TRADES"
AUA,"Austrian Airlines","AUSTRIAN"
AUB,"Augsburg Airways","AUGSBURG-AIR"
TUP,"Aviastar-Tu","TUPOLEVAIR"
ABW,"AirBridge Cargo","AIRBRIDGE CARGO"
TUR,"ATUR",""
TXU,"ATESA Aerotaxis Ecuatorianos","ATESA"
TXX,"Austin Express","COWBOY"
AUD,"Audi Air, Inc.","AUDI AIR"
AUF,"Augusta Air Luftfahrtunternehmen","AUGUSTA"
AUM,"Air Atlantic Uruguay","ATLAMUR"
AUN,"Aviones Unidos","AVIONES UNIDOS"
AUP,"Avia Business Group",""
SVE,"Aero Servicios Expecializados","AEROESPECIAL"
AUR,"Aurigny Air Services","AYLINE"
AUS,"Aus-Air","AUS-AIR"
AUT,"Austral Líneas Aéreas","AUSTRAL"
AUU,"Aurora Aviation, Inc.","AURORA AIR"
AUY,"Aerolíneas Uruguayas, S.A.","AUSA"
AVF,"Aviair Aviation Ltd.","CARIBOO"
AVH,"AV8 Helicopters","KENT HELI"
AVJ,"Avia Traffic Company","ATOMIC"
AVK,"AV8 Helicopters","AVIATE-COPTER"
AVM,"Aviación Ejecutiva Mexicana, S.A.","AVEMEX"
AVO,"Aviation at Work","AVIATION WORK"
AVP,"Avcorp Registrations","AVCORP"
AVP,"Aviacion Corporativa de Peubla","AVIA PUEBLA"
LFP,"Alfa Aerospace","ALFA-SPACE"
LFR,"Atlantic Airfreight Aviation","LANFREIGHT"
AVS,"Avialsa T-35","AVIALSA"
AVT,"Asia Avia Airlines","ASIAVIA"
AVU,"Avia Sud Aérotaxi","AVIASUD"
AVV,"Airvantage Incorporated","AIRVANTAGE"
AVW,"Aviator Airways","AVIATOR"
AVX,"Aviapaslauga","PASLAUGA"
YRG,"Air Yugoslavia","YUGAIR"
ZAK,"Airlink Zambia",""
ZZM,"Agence Nationale des Aerodromes et de la Meteorologie (ANAM)",""
BGA,"Airbus Transport International","BELUGA"
BGD,"Air Bangladesh","AIR BANGLA"
BGF,"Aviodetachment-28","BULGARIAN"
BGG,"Aero BG","AERO BG"
BHC,"Aerotaxis De La Bahia","BAHIA"
BIV,"Aviaservice","AVIASERVICE"
SZA,"Aerolíneas de El Salvador","AESA"
AVY,"Aerovaradero, S.A.","AEROVARADERO"
AWB,"Airways International, Inc.","AIRNAT"
AWK,"Airwork","AIRWORK"
AWL,"Australian Wetleasing","AUSSIEWORLD"
AWO,"Awood Air Ltd.","AWOOD AIR"
AWR,"Arctic Wings And Rotors Ltd.","ARCTIC WINGS"
ISM,"Auo Airclub AIST-M","STORK"
AWS,"Arab Wings","ARAB WINGS"
AWV,"Airwave Transport, Inc.","AIRWAVE"
AWY,"Aeroway, S.L.","AEROWEE"
AXH,"Aeromexhaga","AEROMEXHAGA"
AXI,"Aeron International Airlines, Inc.","AIR FREIGHTER"
AXK,"African Express Airways","EXPRESS JET"
AXM,"AirAsia","RED CAP"
XAX,"AirAsia X","XANADU"
WAJ,"AirAsia Japan","WING ASIA"
IAD,"AirAsia India","ARIYA"
AXN,"Alexandair","ALEXANDROS"
AXP,"Aeromax","AEROMAX SPAIN"
BNI,"Alberni Airways","ALBERNI"
BNZ,"Aerolíneas Bonanza","AERO BONANZA"
BOC,"Aerobona","AEROBONA"
AXR,"Axel Rent, S.A.","RENTAXEL"
AXS,"Altus Airlines","ALTUS"
AXV,"AVA Airlines","AVA"
AXX,"Avioimpex A.D.p.o.","IMPEX"
AXY,"Axis Airways","AXIS"
AYD,"Aladia Airlines","AIRLINES ALADIA"
AYK,"Aykavia Aircompany",""
AYM,"Airman, S.L.","AIRMAN"
NPT,"West Atlantic UK","NEPTUNE"
GBN,"Atlantic Airlines","ATLANTIC GABON"
BJK,"Atlantic Airlines","BLACKJACK"
HHA,"Atlantic Airlines de Honduras","ATLANTIC HONDURAS"
AYN,"Atlantic Airlines, S.A.","ATLANTIC NICARAGUA"
AYS,"Awsaj Aviation Services",""
AYT,"Ayeet Aviation & Tourism","AYEET"
AYZ,"Atlant-Soyuz Airlines","ATLANT-SOYUZ"
AZA,"Alitalia","ALITALIA"
AZE,"Arcus-Air Logistic","ARCUS AIR"
AZI,"Astra Airlines","ASTRA"
AZK,"Azalhelikopter","AZALHELICOPTER"
AZL,"Africa One","SKY AFRICA"
AZM,"Aerocozumel","AEROCOZUMEL"
AZP,"Arizona Pacific Airways","ARIZONA PACIFIC"
AZS,"Aviacon Zitotrans Air Company","ZITOTRANS"
AZT,"Azimut, S.A.","AZIMUT"
AZV,"Azov Avia Airlines","AZOV AVIA"
MHC,"Aero Jomacha","AERO JOMACHA"
AZY,"Arizona Airways, Inc.","ARIZAIR"
AZZ,"Azza Transport","AZZA TRANSPORT"
NAR,"Air Continental Inc","NIGHT AIR"
NAU,"Antanik-Air","ANTANIK"
NER,"Air Newark","NEWAIR"
NFF,"Aircraft Support and Services",""
OBA,"Aerobanana","AEROBANANA"
OBK,"Amako Airlines","AMAKO AIR"
OCA,"Aserca Airlines","AROSCA"
NFS,"Afrique Cargo Service Senegal",""
NGC,"Angoservice","ANGOSERVICE"
NGE,"Angel Airlines","ANGEL AIR"
NGF,"Angel Flight America","ANGEL FLIGHT"
OUL,"Air Atonabee","CITY EXPRESS"
OVA,"Aero Nova","AERONOVA"
XPE,"Amira Air","EXPERT"
XSS,"Aero Express Intercontinental","INTER EXPRESS"
TLR,"Air Libya Tibesti","AIR LIBYA"
OVC,"Aerovic",""
RVE,"Airventure","AIRVENTURE"
RVI,"Aero Servicios","AERO SERVICIOS"
RVL,"Airvallee","AIR VALLEE"
OVE,"Aeromover","AEROMOVER"
OVI,"Aerovías Ejecutivas","VIAS EJECUTIVAS"
PTD,"Aero Servicio Pity","PITY"
PTE,"Aero Copter","AERO-COP"
PLL,"Air Pal","AIRPAL"
PLM,"Air Pullmantur","PULLMANTUR"
AEH,"Aviaexpress","AVEX"
PSG,"Aviones Para Servirle","SERVIAVIONES"
SLU,"Avio Sluzba","AVIO SLUZBA"
SCU,"Air Scorpio","SCORPIO UNIVERS"
SIP,"Air Spirit","AIR SPIRIT"
BMV,"Alatau Airlines","OLIGA"
GUG,"Aviateca","AVIATECA"
PXX,"Aroostook Aviation","PINE STATE"
PYC,"Aeropycsa","AEROPYCSA"
PVK,"Association of Private Pilots of Kazakhstan","BORIS"
BAS,"Aero Services","AEROSERV"
BBT,"Air Bashkortostan","AGYDAL"
MCY,"Ambulance Air Africa","MERCY"
EGF,"American Eagle Airlines","EAGLE FLIGHT"
PUE,"Aeropuelche","PUELCHE"
PUT,"Aeroput",""
AZI,"Azzurra Air","AZZURRA"
ETC,"African Transport Trading and Investment Company","TRANATTICO"
XCT,"Aero Costa Taxi Aéreo","AEROCOSTAXI"
VRO,"Aerovitro","AEROVITRO"
VRI,"Aerotaxi Villa Rica","VILLARICA"
VEG,"Aerovega","AEROVEGA"
VVG,"Aerovilla","AEROVILLA"
VLR,"Aerolíneas Villaverde","VILLAVERDE"
WIL,"Aero Air","WILLIAMETTE"
VEJ,"Aero Ejecutivos","VENEJECUTIV"
WAB,"Aero Industries Inc","WABASH"
VNG,"Aero Servicios Vanguardia","VANGUARDIA"
VAD,"Aero Taxi Los Valles","VALLES"
VMR,"Aero Vilamoura","AERO VILAMOURA"
VLS,"Aero Virel","VIREL"
XAA,"Aeronautical Radio Inc",""
VUO,"Aerovuelox","AEROVUELOX"
VTM,"Aeronaves TSM","AERONAVES TSM"
VUN,"Air Ivoire","AIRIVOIRE"
BOT,"Air Botswana","BOTSWANA"
XPR,"Air-Rep",""
XLL,"Air Excel","TINGA-TINGA"
VAE,"Air Evans","AIR-EVANS"
WHY,"Air Sorel","AIR SOREL"
WDR,"Air Net Private Charter","WIND RIDER"
XEC,"Air Executive Charter",""
UPA,"Air Foyle","FOYLE"
VTY,"Air Midwest (Nigeria)","VICTORY"
VTA,"Air Tahiti","AIR TAHITI"
URG,"Air Urga","URGA"
VDR,"Air Vardar","VARDAR"
VIM,"Air VIA","CRYSTAL"
WLR,"Air Walser","AIRWALSER"
URA,"Aircompany Rosavia","ROSAVIA"
XLB,"Aircraft Performance Group",""
WLA,"Airwaves Airlink","AIRLIMITED"
XFX,"Airways Corporation of New Zealand","AIRCORP"
WAY,"Airways","GARONNE"
WGS,"Airwings oy","AIRWINGS"
XAK,"Airkenya","SUNEXPRESS"
WPK,"Air-Lift Associates","WOLFPACK"
VAB,"Airtrans Ltd",""
URP,"ARP 410 Airlines","AIR-ARP"
WPR,"Auckland Regional Rescue Helicopter Trust","WESTPAC RESCUE"
URR,"Aurora Airlines","AIR AURORA"
UST,"Austro Aéreo","AUSTRO AEREO"
WLT,"Aviation Partners","WINGLET"
VLV,"Avialift Vladivostok","VLADLIFT"
VME,"Aviación Comercial de América","AVIAMERICA"
VVA,"Aviast Air","IALSI"
WLV,"Aviation North","WOLVERINE"
WTA,"Africa West","WEST TOGO"
VNT,"Avient Air Zambia","AVIENT"
VZR,"Aviazur","IAZUR"
VID,"Aviaprad","AVIAPRAD"
VXG,"Avirex","AVIREX-GABON"
VXX,"Aviaexpress Aircompany","EXPRESSAVIA"
XAM,"AMR Services Corporation","ALLIANCE"
XAO,"Airline Operations Services",""
VAZ,"Airlines 400","REMONT AIR"
VAS,"ATRAN Cargo Airlines","ATRAN"
VAM,"Ameravia","AMERAVIA"
KHV,"Angkor Air","AIR ANGKOR"
VBC,"AVB-2004 Ltd","AIR VICTOR"
XKX,"ASECNA",""
XAT,"AT and T Aviation Division",""
CAJ,"Air Caraibes Atlantique","CAR LINE"
CAO,"Air China Cargo","AIRCHINA FREIGHT"
CBE,"Aerovías Caribe","AEROCARIBE"
CBO,"Aerotaxi del Cabo","TAXI CABO"
CBS,"Air Columbus","AIR COLUMBUS"
CBV,"Aereo Cabo","CABOAEREO"
CCA,"Air China","AIR CHINA"
CDA,"Aerocardal","CARDAL"
CDP,"Aero Condor Peru","CONDOR-PERU"
CDU,"Aerotrans",""
CDV,"Airline Skol","SKOL"
CFF,"Aerofan","AEROFAN"
CFR,"Africa One",""
CFV,"Aero Calafia","CALAFIA"
CGB,"Air Cargo Belize","CARGO BELIZE"
CGV,"Aero Clube Do Algarve","CLUBE ALGARVE"
CGW,"Air Great Wall","CHANGCHENG"
CHJ,"Aircompany Chaika","AIR CHAIKA"
CHR,"Air Charter Services","ZAIRE CHARTER"
CHV,"Air Charter Professionals","CHARTAIR"
CID,"Asia Continental Airlines","ACID"
CIR,"Arctic Circle Air Service","AIR ARCTIC"
CKL,"Aviation Charter Services","CIRCLE CITY"
CLL,"Aerovías Castillo","AEROCASTILLO"
CLP,"Aero Club De Portugal","CLUB PORTUGAL"
CMF,"Air Care Alliance","COMPASSION"
CNE,"Air Toronto","CONNECTOR"
CNH,"Aquila Air","CHENANGO"
CNU,"Air Consul","AIR CONSUL"
CNX,"AllCanada Express","CANEX"
CPF,"Airtechservice","TECHSERVICE"
CRD,"Air Corridor","AIR CORRIDOR"
CRF,"Air Central","AIR CENTRAL"
CRJ,"Air Cruzal","AIR CRUZAL"
CRP,"Aerotransportes Corporativos","AEROTRANSCORP"
CRQ,"Air Creebec","CREE"
CTA,"Aero Charter and Transport","CHAR-TRAN"
CTE,"Air Tenglong","TENGLONG"
CTR,"Aerolíneas Centauro","CENTAURO"
CUO,"Aerocuahonte","CUAHONTE"
CVA,"Air Chathams","CHATHAM"
CWM,"Air Marshall Islands","AIR MARSHALLS"
CWP,"Australian Customs Service","COASTWATCH"
CYL,"Air One Cityliner","CITYLINER"
CYO,"Air Transport","COYOTE"
CYE,"Aerocheyenne","AEROCHEYENNE"
DAH,"Air Algérie","AIR ALGERIE"
DAP,"Aerovías DAP","DAP"
DBA,"Air Alpha","DOUBLE-A"
DBD,"Air Niagara Express","AIR NIAGARA"
DEF,"Aviation Defense Service","TIRPA"
DEG,"Air Service Groningen","DEGGER"
DHL,"Astar Air Cargo","D-H-L"
DHM,"Archer Aviation","ARCHER"
DIC,"Aeromedica","AEROMEDICA"
DIN,"Aerodin","AERODIN"
DJU,"Air Djibouti","AIR DJIB"
DLA,"Air Dolomiti","DOLOMITI"
DLS,"Aero Modelo","AEROMODELO"
DLU,"Aerolíneas del Sur","DEL SUR"
DMC,"Aerodinamica de Monterrey","DINAMICAMONT"
DMI,"Aeroservicios Dinamicos","AERODINAMICO"
DML,"Aerotaxis Dosmil",""
DNA,"Aerodespachos de El Salvador","AERODESPACHOS"
DNC,"Aerodynamics Málaga","FLYINGOLIVE"
DNJ,"Aerodynamics Incorporated","DYNAJET"
DRD,"Air Madrid","ALADA AIR"
DRM,"Airways Flight Training","DARTMOOR"
DRO,"Aeronaves Del Noreste","AERONORESTE"
DRU,"Alrosa Air Company","MIRNY"
DSK,"Aero Algarve","SKYBANNER"
DST,"Aex Air","DESERT"
EAT,"Air – Transport Europe","TRANS EUROPE"
EAY,"Aero Airlines","REVAL"
EBC,"Aero Ejecutivo De Baja California","CALIXJET"
ECE,"Air City","AIRCITY"
ECG,"Aero Ejecutivos RCG","EJECTUIVOS RCG"
ECL,"Aeronáutica Castellana","AERO CASTELLANA"
ECM,"Aerolíneas Comerciales","AERO COMERCIALES"
EDA,"Aerolineas Nacionales Del Ecuador","ANDES"
EET,"Air Este","AESTE"
EFC,"Air Mana","FLIGHT TAXI"
EJP,"Aeroservicios Ejecutivos Corporativos","EJECCORPORATIVOS"
ELG,"Alpi Eagles","ALPI EAGLES"
ALX,"ALPI Jets","ALPIJETS"
END,"Arrendadora y Transportadora Aérea","ARRENDADORA"
ENW,"Aeronaves Del Noroeste","AERONOR"
EOL,"Airailes","EOLE"
EOK,"Aero K","AEROHANKUK"
EOM,"Aero Ermes","AERO ERMES"
EPL,"Aero Transportes Empresariales","EMPRESARIALES"
EPE,"Aero Empresarial","AEROEMPRESARIAL"
EQL,"Air São Tomé and Príncipe","EQUATORIAL"
ERG,"Avianergo","AVIANERGO"
ERI,"Aero Servicios Regiomontanos","ASERGIO"
ERK,"Aerosec","AEROSEC"
ERM,"Aeromaan","EOMAAN"
ESB,"Aereosaba","AEREOSABA"
ESO,"Avitat",""
ESU,"Aerolíneas Ejecutivas Del Sureste","ALESUR"
ESZ,"Aeronáutica La Esperanza","ESPERANZA"
ETE,"Aero Siete","AEROSIETE"
EUK,"Air Atlanta Europe","SNOWBIRD"
EVE,"Air Evex","SUNBEAM"
EVR,"Aeronautical Academy of Europe","DIANA"
EXG,"Air Exchange","EXCHANGE"
FAC,"Atlantic Helicopters","FAROECOPTER"
FAG,"Argentine Air Force","FUAER"
FAJ,"Air Fiji","FIJIAIR"
FAN,"AF-Air International","FANBIRD"
FBW,"Aviation Data Systems",""
FCI,"Air Carriers","FAST CHECK"
FCO,"Aerofrisco","AEROFRISCO"
FCU,"Alfa 4",""
FDA,"Fuji Dream Airlines","FUJI DREAM"
FDS,"African Medical and Research Foundation","FLYDOC"
FGT,"Aero Freight","FREIAERO"
FIC,"Aerosafin","AEROSAFIN"
FIF,"Air Finland","AIR FINLAND"
FII,"Aerodata Flight Inspection","FLIGHT CHECKER"
FIX,"Airfix Aviation","AIRFIX"
FJI,"Fiji Airways","PACIFIC"
FLD,"Air Falcon",""
FLI,"Atlantic Airways","FAROELINE"
FLP,"Aeroclub Flaps","AEROCLUB FLAPS"
FLZ,"Aero Leasing","AIR FLORIDA"
FMT,"Air Fret De Mauritanie",""
FNM,"Avio Nord",""
FNO,"Aeroflota Del Noroeste","RIAZOR"
FNX,"Aero Fenix","AERO FENIX"
FPY,"African Company Airlines","AFRICOMPANY"
FRJ,"Afrijet Airlines","AFRIJET"
FRK,"Afrika Aviation Handlers","AFRIFAST"
FRQ,"Afrique Chart'air","CHARTER AFRIQUE"
FRT,"Aerofreight Airlines",""
FST,"Aeros Limited","FAST TRACK"
FTC,"Air Affaires Tchad","AFFAIRES TCHAD"
FXI,"Air Iceland","FAXI"
GAU,"Aerogaucho","AEROGAUCHO"
GBJ,"Aero Business Charter","GLOBAL JET"
GCF,"Aeronor","AEROCARTO"
GCK,"Aerogem Cargo","AEROGEM"
GFO,"Aerovías del Golfo","AEROVIAS GOLFO"
GGL,"Aeronáutica","GIRA GLOBO"
GGN,"Air Georgian","GEORGIAN"
GHL,"Aviance UK","HANDLING"
GHN,"Air Ghana","AIR GHANA"
GIL,"African International Transport","AFRICAN TRANSPORT"
GIP,"Air Guinee Express","FUTURE EXPRESS"
GIZ,"Africa Airlines","AFRILENS"
GLL,"Air Gemini","TWINS"
GLT,"Aero Charter","GASLIGHT"
GME,"Aguilas Mayas Internacional","MAYAN EAGLES"
GMM,"Aerotaxis Guamuchil","AEROGUAMUCHIL"
GMS,"Aeroservicios Gama","SERVICIOS GAMA"
GNT,"Amber Air","GINTA"
GOA,"Alberta Government","ALBERTA"
GRE,"Air Scotland","GREECE AIRWAYS"
GRG,"Air Georgia","AIR GEORGIA"
GRI,"Air Cargo Center",""
GRO,"Allegro","ALLEGRO"
GRR,"Agroar - Trabalhos Aéreos","AGROAR"
GRX,"Aircompany Grodno","GRODNO"
GSP,"Airlift Alaska","GREEN SPEED"
GSV,"Agrocentr-Avia","AGRAV"
GTC,"Altin Havayolu Tasimaciligi Turizm Ve Ticaret","GOLDEN WINGS"
GTI,"Atlas Air","GIANT"
GTP,"Aerotaxi Grupo Tampico","GRUPOTAMPICO"
GUA,"Aerotaxis de Aguascalientes","AGUASCALIENTES"
GUY,"Air Guyane","GREEN BIRD"
GVI,"Air Victoria Georgia","IRINA"
HAD,"Air d'Ayiti","HAITI AVIA"
HAH,"Air Comores International","AIR COMORES"
HAT,"Air Taxi","TAXI BIRD"
HEI,"Aerohein","AEROHEIN"
HGH,"Atlantic Air Lift","HIGHER"
HID,"Aviación Ejecutiva De Hildago","EJECUTIVA HIDALGO"
HJA,"Air Haiti","AIRHAITI"
HLN,"Air Holland","ORANGE"
HJT,"Al Rais Cargo","AL-RAIS CARGO"
HKH,"Air-Invest","HAWKHUNGARY"
HMA,"Air Tahoma","TAHOMA"
HMT,"Air Nova","HAMILTON"
HOM,"Aero Homex","AERO HOMEX"
HPO,"Almiron Aviation","ALMIRON"
HQO,"Avinor",""
HYR,"Airlink Airways","HIGHFLYER"
HZT,"Air Horizon","HORIZON TOGO"
ICM,"Air Inter Cameroun","INTER-CAMEROUN"
IFI,"Air Lift","HELLAS LIFT"
IKM,"Aero Survey","EASY SHUTTLE"
ILK,"Aero Airline","ILEK"
IME,"Airtime Charters","AIRTIME"
IMN,"Aerotaxis Cimarron","TAXI CIMARRON"
INA,"Aero Internacional","AERO-NACIONAL"
ING,"Aeroingenieria","AEROINGE"
INO,"Aeroservicios Intergrados de Norte","INTENOR"
IPL,"Airpull Aviation","IPULL"
IRD,"Arvand Airlines","ARVAND"
IRH,"Atlas Aviation Group","ATLAS AVIA"
IRW,"Aram Airline","ARAM"
IRX,"Aria Tour","ARIA"
ITE,"Aerotaxi S.R.O.","AEROTAXI"
ITF,"Avita-Servicos Aéreos","AIR AVITA"
ITI,"AirSwift","AIRSWIFT"
ITO,"Aero Citro","AERO CITRO"
IVE,"Air Executive","COMPANY EXEC"
IWS,"Aviainvest",""
JAB,"Air Bagan","AIR BAGAN"
JAD,"Aerojal","AEROJAL"
JAR,"Airlink","AIRLINK"
JEE,"Ambjek Air Services","AMBJEK AIR"
JKH,"JETKONTOR AG","JETKONTOR"
UTX,"Avfinity",""
JMR,"Alexandair","ALEXANDAIR"
JMX,"Air Jamaica Express","JAMAICA EXPRESS"
JOA,"Air Swift Aviation",""
JOB,"Aerojobeni","JOBENI"
JOL,"Atyrau Air Ways","EDIL"
JPR,"Aerosmith Aviation","JASPER"
JTS,"Arrendamiento de Aviones Jets","AVIONESJETS"
JUA,"Aero Juarez","JUAREZ"
JZA,"Air Canada Jazz","JAZZ"
KAA,"Asia Aero Survey and Consulting Engineers","AASCO"
KAD,"Air Kirovograd","AIR KIROVOGRAD"
KAM,"Air Mach","ICO-AIR"
KAV,"Air Kufra","AIRKUFRA"
KEK,"Arkhabay","ARKHABAY"
KFK,"Aero Charter Krifka","KRIFKA AIR"
KFT,"Air Kraft Mir","AIR KRAFT MIR"
KGD,"Air Concorde","CONCORDE AIR"
KHH,"Alexandria Airlines",""
KIE,"Afit","TWEETY"
KKB,"Air South","KHAKI BLUE"
KKK,"Atlasjet","ATLASJET"
KLB,"Air Mali International","TRANS MALI"
KLZ,"Aerokaluz","AEROKALUZ"
KOR,"Air Koryo","AIR KORYO"
KOY,"Araiavia","ALEKS"
KRE,"AeroSucre","AEROSUCRE"
KRT,"Air Kokshetau","KOKTA"
KSI,"Air Kissari","KISSARI"
KTN,"Aeronavigaciya","AERONAVIGACIYA"
KVR,"Alliance Avia","KAVAIR"
KYC,"Av Atlantic","DOLPHIN"
KZR,"Air Astana","ASTANALINE"
LAG,"Aviation Legacy","AVILEG"
LBC,"Albanian Airlines","ALBANIAN"
LBI,"Albisa","ALBISA"
LBW,"Albatros Airways","ALBANWAYS"
LDG,"Aerolíneas Aéreas Ejecutivas De Durango","DURANGO"
BOX,"Aerologic","GERMAN CARGO"
LDN,"Al-Donas Airlines","ALDONAS AIR"
AKJ,"Akasa Air","AKASA AIR"
LDR,"Aero Lider","AEROLIDER"
LEM,"Aleem",""
LET,"Aerolíneas Ejecutivas","MEXEJECUTIV"
LFA,"Air Alfa","AIR ALFA"
LFC,"Aero Control Air","LIFE FLIGHT CANADA"
LGN,"Aerolaguna","AEROLAGUNA"
LHR,"Al Ahram Aviation","AL AHRAM"
LID,"Alidaunia","ALIDA"
LIE,"Al-Dawood Air","AL-DAWOOD AIR"
LKP,"American Aviation","LAKE POWELL"
LKS,"Airlink Solutions","AIRLIN"
LKY,"Air Solutions","LUCKY"
LLR,"Air India Regional","ALLIED"
LMA,"Aerolima","AEROLIMA"
LML,"Alamia Air","ALAMIA AIR"
LMP,"Air Plus Argentina","AIR FLIGHT"
LMT,"Almaty Aviation","ALMATY"
LMX,"Aerolíneas Mexicanas J S","LINEAS MEXICANAS"
LMY,"Air Almaty","AGLEB"
LMZ,"Air Almaty ZK","ALUNK"
LNK,"Airlink","LINK"
LNT,"Aerolíneas Internacionales","LINEAINT"
LOK,"Alok Air","ALOK AIR"
LOU,"Air Saint Louis","AIR SAINTLOUIS"
LPA,"Air Leap","LEAP"
LPC,"Alpine Aviation","NETSTAR"
LPV,"Air Alps Aviation","ALPAV"
LRO,"Alrosa-Avia","ALROSA"
LRW,"Al Rida Airways","AL RIDA"
LSK,"Aurela","AURELA"
LSM,"Aerobusinessservice",""
LSR,"Alsair","ALSAIR"
LTI,"Aerotaxis Latinoamericanos","LATINO"
LUC,"Albinati Aeronautics","ALBINATI"
LUR,"Atlantis European Airways","ATLANTIS"
LVN,"Aliven","ALIVEN"
LVR,"Aviavilsa","AVIAVILSA"
LXG,"Air Luxor GB","LUXOR GOLF"
LXR,"Air Luxor","AIRLUXOR"
LYT,"Apatas Air","APATAS"
LZP,"Air Ban","DOC AIR"
LZR,"Air Lazur","LAZUR BEE-GEE"
MAM,"Aeródromo De La Mancha","AEROMAN"
MAU,"Air Mauritius","AIRMAURITIUS"
MBA,"Avag Air","AVAG AIR"
MBB,"Air Manas","AIR MANAS"
MBC,"Airjet Exploração Aérea de Carga","MABECO"
MBV,"Aeriantur-M","AEREM"
MCB,"Air Mercia","WESTMID"
MCD,"Air Medical","AIR MED"
MCO,"Aerolíneas Marcos","MARCOS"
MDC,"Atlantic Aero and Mid-Atlantic Freight","NIGHT SHIP"
MDG,"Air Madagascar","AIR MADAGASCAR"
MDX,"Aerosud Charter","MEDAIR"
MEF,"Air Meridan","EMPENNAGE"
MFL,"Aero McFly","MCFLY"
MGE,"Asia Pacific Airlines","MAGELLAN"
MGS,"Aeromagar","AEROMAGAR"
MIE,"Aero Premier De Mexico","AEROPREMIER"
MLD,"Air Moldova","AIR MOLDOVA"
MLF,"Amal Airlines","AMAL"
MLI,"Air Mali","AIR MALI"
MLN,"Air Madeleine","AIR MADELEINE"
MMC,"Aermarche","AERMARCHE"
MMD,"Air Alsie","MERMAID"
MMM,"Aviation Company Meridian","AVIAMERIDIAN"
MMP,"AMP Incorporated","AMP-INC"
MMX,"Airmax","PERUMAX"
MNE,"Aerolíneas Amanecer","AEROAMANECER"
MNG,"Aero Mongolia","AERO MONGOLIA"
MOC,"Air Monarch Cargo","MONARCH CARGO"
MOP,"Aeropublicitaria De Angola","PUBLICITARIA"
MOR,"Aerolíneas De Morelia","AEROMORELIA"
MPD,"Air Plus Comet","RED COMET"
MPX,"Aeromexpress","AEROMEXPRESS"
MQT,"Air ITM","MUSKETEER"
MRL,"Aeromorelos","AEROMORELOS"
MRM,"Aerocharter","MARITIME"
MRT,"Air Mauritanie","MIKE ROMEO"
MSC,"Air Cairo","AIR CAIRO"
MSK,"Air Sport","AIR SPORT"
MSM,"Aeromas","AEROMAS EXPRESS"
MSO,"Aerolíneas Mesoamericanas","MESO AMERICANAS"
MSV,"Aero-Kamov","AERAFKAM"
MTB,"Aerotaxis Metropolitanos","AEROMETROPOLIS"
MTE,"Aeromet Línea Aérea","AEROMET"
MTK,"Air Metack","AIRMETACK"
MTY,"Air Montegomery","MONTY"
MXO,"Aerotaxi Mexicano","MAXAERO"
MYS,"Aero Yaqui Mayo","AERO YAQUI"
MZK,"AVC Airlines",""
MZL,"Aerovías Montes Azules","MONTES AZULES"
NBK,"Albarka Air","AL-AIR"
NEL,"Aero Servicios de Nuevo Laredo","AEROLAREDO"
NGV,"Angoavia","ANGOAVIA"
NID,"Aeroni","AERONI"
NIE,"Aeroejecutiva Nieto","AERONIETO"
NIG,"Aero Contractors","AEROLINE"
NKZ,"Aerokuzbass","NOVOKUZNETSK"
NRE,"Aviones Are","AVIONES ARE"
NRS,"Atlantic Richfield Company","NORTH SLOPE"
NSO,"Aerolíneas Sosa","SOSA"
NTD,"Aero Norte",""
NTV,"Air Inter Ivoire","INTER-IVOIRE"
NUL,"Aeroservicios De Nuevo Leon","SERVICIOS NUEVOLEON"
NVI,"Avial NV Aviation Company","NEW AVIAL"
NWG,"Airwing","NORWING"
NXA,"Air Next","BLUE-DOLPHIN"
OAO,"Arkhangelsk 2 Aviation Division","DVINA"
OGI,"Aerogisa","AEROGISA"
OLV,"Aerolíneas Olve","OLVE"
OMG,"Aeromega","OMEGA"
ONR,"Air One Nine","EDER"
ONT,"Air Ontario","ONTARIO"
ORP,"Aerocorp","CORPSA"
OSN,"Aerosan","AEROSAN"
OSO,"Aviapartner Limited Company",""
PAJ,"Aliparma","ALIPARMA"
PBT,"Air Parabet","PARABET"
PBU,"Air Burundi","AIR-BURUNDI"
PCG,"Aeropostal Cargo de Mexico","POSTAL CARGO"
PCK,"Air Pack Express","AIRPACK EXPRESS"
PCS,"Air Palace","AIR PALACE"
PEL,"Aeropelican","PELICAN"
PEV,"Peoples Vienna Line","PEOPLES"
PFI,"Aerolíneas Chihuahua","PACIFICO CHIHUAHUA"
PFT,"Air Cargo Express International","PROFREIGHT"
PHR,"Al Farana Airline","PHARAOH"
PHW,"Ave.com","PHOENIX SHARJAH"
PIE,"Air South West","PIRATE"
PIF,"Aeroservicios California Pacifico","AEROCALPA"
PKA,"AST Pakistan Airways","PAKISTAN AIRWAY"
PNL,"Aero Personal","AEROPERSONAL"
PNU,"Aero Servicios Platinum","AERO PLATINUM"
POY,"Apoyo Aéreo","APOYO AEREO"
PRT,"Atlantic Coast Jet","PATRIOT"
PRZ,"Air Paradise International","RADISAIR"
PZA,"Aéreo Taxi Paraza","AEREO PARAZA"
QCL,"Air Class Líneas Aéreas","ACLA"
QEA,"Aviation Consultancy Office",""
QAT,"Aero Taxi","AIR QUASAR"
QKC,"Aero Taxi Aviation","QUAKER CITY"
QLA,"Aviation Quebec Labrador","QUEBEC LABRADOR"
QSC,"African Safari Airways","ZEBRA"
QUI,"Aero Quimmco","QUIMMCO"
RAD,"Alada","AIR ALADA"
RAI,"Aerotur Air","DIASA"
RAP,"Air Center Helicopters","RAPTOR"
RBE,"Aur Rum Benin","RUM BENIN"
RBJ,"Aeroserivios Del Bajio","AEROBAJIO"
RBU,"Airbus France","AIRBUS FRANCE"
RBV,"Air Roberval","AIR ROBERVAL"
ARU,"Aruba Airlines","ARUBA"
RCC,"Air Charters Eelde","RACER"
RCE,"Aerocer","AEROCER"
RCF,"Aeroflot-Cargo","AEROFLOT-CARGO"
RCH,"Air Mobility Command","REACH"
RCI,"Air Cassai","AIR CASSAI"
RCO,"Aero Renta De Coahuila","AEROCOAHUILA"
RCP,"Aerocorp","AEROCORPSA"
RCQ,"Aerolíneas Regionales","REGIONAL CARGO"
RCU,"Atlantic S.L.","AIR COURIER"
RCX,"Air Service Center","SERVICE CENTER"
RDM,"Air Ada","AIR ADA"
REA,"Aer Arann","AER ARANN"
REN,"Aero-Rent","AERORENT"
RES,"Australian Maritime Safety Authority","RESCUE"
REU,"Air Austral","REUNION"
REY,"Aero-Rey","AEROREY"
RFC,"Aero Africa","AERO AFRICA"
AZP,"Amaszonas Paraguay","GUARANI"
RFD,"Aerotransportes Rafilher","RAFHILER"
RGO,"Argo","ARGOS"
RGR,"Avior Regional","AVIOR REGIONAL"
RGT,"Airbourne School of Flying","AIRGOAT"
RHL,"Air Archipels","ARCHIPELS"
RIF,"Aviation Ministry of the Interior of the Russian Federation","INTERMIN AVIA"
RIS,"Aeris Gestión","AERIS"
RIT,"Asian Spirit","ASIAN SPIRIT"
RJS,"Aeroservicios Jet","ASERJET"
RKA,"Air Afrique","AIRAFRIC"
RLA,"Airlinair","AIRLINAIR"
RLK,"Air Nelson","NELSON"
RLL,"Air Leone","AEROLEONE"
RLN,"Aero Lanka","AERO LANKA"
RLZ,"Air Alize","ALIZE"
RMD,"Air Amder","AIR AMDER"
RME,"Armenian Airlines","ARMENIAN"
RML,"Air Mediterranean","HELLASMED"
RMO,"Arm-Aero","ARM-AERO"
RMX,"Air Max","AEROMAX"
RNE,"Air Salone","AIR SALONE"
RNM,"Aeronem Air Cargo","AEROMNEM"
RNR,"Air Cargo Masters","RUNNER"
RNV,"Armavia","ARMAVIA"
ROE,"Aeroeste","ESTE-BOLIVIA"
ROH,"Aero Gen","AEROGEN"
ROI,"Avior Airlines","AVIOR"
ROL,"Aeroel Airways","AEROEL"
ROM,"Aeromar Lineas Aereas Dominicanas","BRAVO QUEBEC"
ROO,"Aeroitalia","AEROITALIA"
ROD,"Aerodan","AERODAN"
RPB,"AeroRepública","AEROREPUBLICA"
RPC,"Aerolíneas Del Pacífico","AEROPACSA"
RRC,"Aero Roca","AEROROCA"
RRE,"Aerotransportes Internacionales De Torreon","AERO TORREON"
RSC,"Aerolíneas Ejecutivas Tarascas","TARASCAS"
RSO,"Aero Asia International","AERO ASIA"
RSR,"Aero-Service","CONGOSERV"
RSU,"AeroSur","AEROSUR"
RTE,"Aeronorte","LUZAVIA"
RTH,"Artis","ARTHELICO"
RTO,"Arhabaev Tourism Airlines","ARTOAIR"
RTQ,"Air Turquoise","TURQUOISE"
RTU,"Aerotucan","AEROTUCAN"
RUD,"Air Anastasia","ANASTASIA"
RUM,"Air Rum","AIR RUM"
RVP,"Air VIP","AEROVIP"
RVT,"Aircompany Veteran","AIR-VET"
RWB,"Alliance Express Rwanda",""
RWC,"Arrow Ecuador Arrowec","ARROWEC"
RWY,"Aerogroup 98 Limited","TYNWALD"
RXT,"Aeroxtra","AERO-EXTRA"
RWS,"Air Whitsunday",""
RZL,"Aero Zambia","AERO ZAMBIA"
RZN,"Aero Zano","ZANO"
RZZ,"Anoka Air Charter","RED ZONE"
SBH,"Aerosaab","AEROSAAB"
SCD,"Associated Aviation","ASSOCIATED"
SCM,"American Jet International","SCREAMER"
SDO,"Air Santo Domingo","AERO DOMINGO"
SDP,"Aero Sudpacifico","SUDPACIFICO"
SEF,"Aero Servicios Ejecutivas Del Pacifico","SERVIPACIFICO"
SER,"Aero California","AEROCALIFORNIA"
SGV,"Aerosegovia","SEGOVIA"
SHH,"Airshare Holdings","AIRSHARE"
SIY,"Aerosiyusa","SIYUSA"
SIZ,"Aero Silza","AEROSILZA"
SJN,"Air San Juan","SAN JUAN"
SKP,"Aero-North Aviation Services","SKIPPER"
SMI,"Aero Sami","SAMI"
SMJ,"Avient Aviation","AVAVIA"
SOD,"Aerolíneas Sol","ALSOL"
SOE,"Air Soleil","AIR SOLEIL"
SOG,"Aero Soga","AEROSOGA"
SPD,"Airspeed Aviation","SPEEDLINE"
SPJ,"Air Service","AIR SKOPJE"
SPO,"Aeroservicios Ejecutivos Del Pacifico","EJECTUIV PACIFICO"
SPY,"Asian Aerospace Service","THAI SPACE"
SPZ,"Airworld","SPEED SERVICE"
SQR,"Alsaqer Aviation","ALSAQER AVIATION"
SRI,"Air Safaris and Services","AIRSAFARI"
SRV,"Aero Servicio Corporativo","SERVICORP"
SSL,"Air Sultan","SIERRA SULTAN"
SSM,"Aero 1 Pro-Jet","RAPID"
SSN,"Airquarius Air Charter","SUNSTREAM"
STK,"Aeropac","SAT PAK"
STT,"Air St. Thomas","PARADISE"
SUE,"Aerolíneas Del Sureste","AEROSURESTE"
SUW,"Astair",""
SUY,"Aerial Surveys (1980) Limited","SURVEY"
SVK,"Air Slovakia","SLOVAKIA"
SYL,"Aircompany Yakutia","AIR YAKUTIA"
SYT,"Aerosud Aviation","SKYTRACK"
SZN,"Air Senegal","AIR SENEGAL"
TAA,"Aeroservicios de La Costa","AERO COSTA"
TAO,"Aeromar","TRANS-AEROMAR"
TBL,"Aerotrebol","AEROTREBOL"
TBO,"Aero Taxi de Los Cabos","AERO CABOS"
TCI,"Air Turks and Caicos","KERRMONT"
TCO,"Aerotranscolombina de Carga","TRANSCOLOMBIA"
TDG,"Air Cargo Express","TURBO DOG"
TDT,"Atlas Helicopters","TRIDENT"
TDY,"Air Today","AIR TODAY"
TED,"Aero Servicios Azteca","AEROAZTECA"
TIR,"Antair","ANTAIR"
TLD,"Aereo Taxi Autlan","AEREO AUTLAN"
TLE,"Aero Util","AEROUTIL"
TLU,"Aero Toluca International","AEROTOLUCA"
TME,"Aero Taxi del Centro de Mexico","TAXICENTRO"
TOC,"Aerotropical","TROPICMEX"
TOH,"Air Tomisko","TOMISKO CARGO"
TOK,"Airlines PNG","BALUS"
TON,"Aero Tonala","AEROTONALA"
TPB,"Aero Tropical","AERO TROPICAL"
TPC,"Air Calédonie","AIRCAL"
TPK,"Air Horizon","TCHAD-HORIZON"
TPO,"Aero Taxi del Potosi","TAXI-POTOSI"
TQS,"Aeroturquesa","AEROTURQUESA"
TRH,"Airmark Aviation","TRANSTAR"
TRS,"AirTran Airways","CITRUS"
TSC,"Air Transat","AIR TRANSAT"
TSQ,"airtransse","AIRTRA"
TTB,"Aerolíneas Turísticas del Caribe","AERO TURISTICAS"
TTE,"Avcenter","TETON"
TUN,"Air Tungaru","TUNGARU"
TWN,"Avialeasing Aviation Company","TWINARROW"
TXD,"Aerotaxis del Noroeste","TAXI OESTE"
TXF,"Aerotaxis Alfe","ALFE"
TXI,"Aereotaxis","AEREOTAXIS"
TZA,"Aero Tomza","AERO TOMZA"
TZT,"Air Zambezi","ZAMBEZI"
UAG,"Afra Airlines","AFRALINE"
UAR,"Aerostar Airlines","AEROSTAR"
UCK,"Air Division of the Eastern Kazakhstan Region","GALETA"
UGA,"Air Uganda","UGANDA"
UED,"Air LA","AIR L-A"
UKR,"Air Ukraine","AIR UKRAINE"
UMB,"Air Umbria","AIR UMBRIA"
UND,"Atuneros Unidos de California","ATUNEROS UNIDOS"
USC,"AirNet Express","STAR CHECK"
VNR,"Avantair","AVANTAIR"
VTG,"Aviação Transportes Aéreos e Cargas","ATACARGO"
WAS,"Air-Watania",""
AAJ,"Alfa Airlines","ALFA SUDAN"
AER,"Alaska Central Express","ACE AIR"
AAK,"Alaska Island Air","ALASKA ISLAND"
AAH,"Aloha Air Cargo","ALOHA"
AAH,"Aloha Airlines","ALOHA"
AAL,"American Airlines","AMERICAN"
XFS,"American Flight Service Systems",""
XMG,"AMS Group",""
AAN,"Amsterdam Airlines","AMSTEL"
ABI,"Antigua and Barbuda Airways","Anair"
DJA,"Antinea Airlines","ANTINEA"
EDY,"Apollo Air Service","STOBART"
SRY,"As-Aero",""
AAR,"Asiana Airlines","ASIANA"
XXX,"ASL (Air Service Liege)",""
ABR,"ASL Airlines Ireland","CONTRACT"
XJA,"Assistance Aeroportuaire de L'Aeroport de Paris",""
AAE,"Astec Air East","AIR EAST"
ACP,"Astral Aviation","ASTRAL CARGO"
AAP,"Astro Air International","ASTRO AIR"
ATT,"Attawasol Airlines","ATTAWASOL AIR"
XME,"Australian airExpress","AUS-CARGO"
AUZ,"Australian Airlines","AUSTRALIAN"
VAI,"Avalair","AIR AVALAIR"
VXP,"Avelo Airlines","AVELO"
AVE,"Avensa","AVENSA"
VRT,"Averitt Air Charter","AVERITT"
VSC,"AVESCA","AVESCA"
AJF,"Avia Consult Flugbetriebs","AVIACONSULT"
VTT,"Avia Trans Air Transport","VIATRANSPORT"
CHP,"Aviacsa","AVIACSA"
AVA,"Avianca","AVIANCA"
MCJ,"Avianca Argentina","JETMAC"
ONE,"Avianca Brasil","OCEAN AIR"
GLG,"Avianca Ecuador","GALAPAGOS"
XAV,"Aviaprom Enterprises","AVIAPROM"
AVB,"Aviation Beauport","BEAUPAIR"
AVQ,"Aviation Services, Inc.","AQUILINE"
ACJ,"Avicon","AVICHARTER"
VSR,"Aviostart AS","AVIOSTART"
VLI,"Avolar Aerolíneas","AEROVOLAR"
VSA,"Avstar Aviation","STARBIRD"
AZU,"Azul Linhas Aéreas Brasileiras","Azul"
BBF,"B-Air Charter","SPEEDCHARTER"
CFE,"BA CityFlyer","FLYER"
BRT,"BA Connect","BRITISH"
EFW,"BA Euroflyer","GRIFFIN"
BAC,"BAC Leasing Limited","&nbsp;"
BCF,"BACH Flugbetriebsges","BACH"
BOB,"Backbone A/S","BACKBONE"
BDR,"Badr Airlines","BADR AIR"
BAE,"BAE Systems","FELIX"
BHS,"Bahamasair","BAHAMAS"
BAB,"Bahrain Air BSC (Closed)","AWAL"
BFW,"Bahrain Defence Force","SUMMAN"
BXA,"Bahrain Executive Air Services","BEXAIR"
BJA,"Baja Air","BAJA AIR"
BAJ,"Baker Aviation","RODEO"
OGJ,"Bakoji Airlines Services","BAKO AIR"
BTC,"BAL Bashkirian Airlines","BASHKIRIAN"
BEF,"Balear Express","BALEAR EXPRESS"
BLN,"Bali International Air Service","BIAR"
BAA,"Balkan Agro Aviation","BALKAN AGRO"
LAZ,"Balkan Bulgarian Airlines","BALKAN"
BHI,"Balkh Airlines","SHARIF"
PNT,"Balmoral Central Contracts","PORTNET"
BTL,"Baltia Air Lines","BALTIA"
BLL,"Baltic Airlines","BALTIC AIRLINES"
BLT,"Baltic Aviation","BALTAIR"
BJC,"Baltic Jet Aircompany","BALTIC JET"
BTH,"Baltijas Helicopters","BALTIJAS HELICOPTERS"
CPJ,"Baltimore Air Transport","CORPJET"
EAH,"Baltimore Airways","EASTERN"
BTK,"Baltyka","BALTYKA"
BAV,"Bamboo Airways","BAMBOO"
AJC,"Bar Harbor Airlines","BAR HARBOR"
AUJ,"Business Flight Salzburg","AUSTROJET"
CWR,"Beijing City International Jet","CITY WORLD"
BJV,"Beijing Vistajet Aviation","BEIJING VISTA"
BHK,"Blu Halkin","BLUEHAKIN"
BXJ,"Brixtel Group","BRIXTEL JET"
BYG,"Bygone Aviation","BYGONE"
BBJ,"Blue Air Lines","BLUE KOREA"
BCJ,"Blue Jet Charters","BLUE BOY"
BNA,"Bun Air Corporation","BUN AIR"
BTN,"Bhutan Airlines","BHUTAN AIR"
BAF,"Belgian Air Force","BELGIAN AIRFORCE"
BAK,"Blackhawk Airways","BLACKHAWK"
BAL,"Belle Air Europe","BELLEAIR EUROPE"
BAL,"Britannia Airways","BRITANNIA"
BAM,"Business Air Services","BUSINESS AIR"
BAN,"British Antarctic Survey","PENGUIN"
BAR,"Bradly Air (Charter) Services","BRADLEY"
BAU,"Bissau Airlines","AIR BISSAU"
BAV,"Bay Aviation Ltd","BAY AIR"
BAW,"British Airways","SPEEDBIRD"
BAX,"Best Aero Handling Ltd",""
BAY,"Bravo Airways","BRAVOAVIANCA"
BBA,"Bannert Air","BANAIR"
BBC,"Biman Bangladesh Airlines","BANGLADESH"
BBD,"Bluebird Nordic","BLUE CARGO"
BBS,"Beibars CJSC","BEIBARS"
BBV,"Bravo Airlines","BRAVO EUROPE"
BBW,"BB Airways","BEEBEE AIRWAYS"
BBZ,"Bluebird Aviation","COBRA"
BCI,"Blue Islands","BLUE ISLAND"
BCL,"British Caribbean Airways",""
BCR,"British Charter","BACKER"
BCT,"BCT Aviation","BOBCAT"
BCV,"Business Aviation Center","BUSINESS AVIATION"
BCY,"CityJet","CITY JET"
BDA,"Blue Dart Aviation","BLUE DART"
BON,"B&H Airlines","Air Bosna"
BDF,"Bissau Discovery Flying Club","BISSAU DISCOVERY"
AYB,"Belgian Army","BELGIAN ARMY"
BEA,"Best Aviation Ltd","BEST AIR"
BED,"Belgorod Air Enterprise","BELOGORYE"
BEH,"Bel Air Helicopters","BLUECOPTER"
BEK,"Berkut Air","BERKUT"
BET,"BETA - Brazilian Express Transportes Aéreos","BETA CARGO"
BFC,"Basler Flight Service","BASLER"
BFG,"Bear Flight","BEARFLIGHT"
BFL,"Buffalo Airways","BUFFALO"
BFO,"Bombardier","BOMBARDIER"
BFR,"Burkina Airlines","BURKLINES"
BFS,"Business Flight Sweden","BUSINESS FLIGHT"
BGH,"BH Air","BALKAN HOLIDAYS"
BGI,"British Gulf International","BRITISH GULF"
BGK,"British Gulf International-Fez","GULF INTER"
BGL,"Benin Golf Air","BENIN GOLF"
BGM,"Bugulma Air Enterprise","BUGAVIA"
BGR,"Budget Air Bangladesh","BUDGET AIR"
BGT,"Bergen Air Transport","BERGEN AIR"
BHA,"Buddha Air","BUDDHA AIR"
BHL,"Bristow Helicopters","BRISTOW"
BHN,"Bristow Helicopters Nigeria","BRISTOW HELICOPTERS"
BHO,"Bhoja Airlines","BHOJA"
BHP,"Belair Airlines","BELAIR"
BHR,"Bighorn Airways","BIGHORN AIR"
BHT,"Bright Air","BRIGHTAIR"
BHY,"Bosphorus European Airways","BOSPHORUS"
BID,"Binair","BINAIR"
BIG,"Big Island Air","BIG ISLE"
BIH,"British International Helicopters","BRINTEL"
BIL,"Billund Air Center","BILAIR"
BIN,"Boise Interagency Fire Center","BISON-AIR"
BIO,"Bioflight A/S","BIOFLIGHT"
BIR,"Bird Leasing","BIRD AIR"
BIZ,"Bizjet Ltd","BIZZ"
BJS,"Business Jet Solutions","SOLUTION"
BKA,"Bankair","BANKAIR"
BKF,"BF-Lento OY","BAKERFLIGHT"
BKK,"Blink","BLINKAIR"
BKJ,"Barken International","BARKEN JET"
BKP,"Bangkok Airways","BANGKOK AIR"
BKV,"Bukovyna","BUKOVYNA"
BLB,"Blue Bird Aviation","BLUEBIRD SUDAN"
BLC,"Bellesavia","BELLESAVIA"
BLE,"Blue Line","BLUE BERRY"
BLF,"Blue1","BLUEFIN"
BLG,"Belgavia","BELGAVIA"
BLH,"Blue Horizon Travel Club","BLUE HORIZON"
BLJ,"Blue Jet","BLUEWAY"
BLM,"Blue Sky Airlines","BLUE ARMENIA"
BLS,"Bearskin Lake Air Service","BEARSKIN"
BLV,"Bellview Airlines","BELLVIEW AIRLINES"
BMA,"BMI","MIDLAND"
BMA,"BermudAir","GOSLING"
BMR,"BMI Regional","MIDLAND"
BMD,"British Medical Charter","BRITISH MEDICAL"
BME,"Briggs Marine Environmental Services","BRIGGS"
BMH,"Bristow Masayu Helicopters","MASAYU"
BMI,"Bmibaby","BABY"
BMJ,"Bemidji Airlines","BEMIDJI"
BML,"Bismillah Airlines","BISMILLAH"
BMN,"Bowman Aviation","BOWMAN"
BMW,"BMW","BMW-FLIGHT"
BMX,"Banco de Mexico","BANXICO"
BND,"Bond Offshore Helicopters","BOND"
BNE,"Benina Air","BENINA AIR"
BNF,"Braniff International Airways","Braniff"
BNG,"BN Group Limited","VECTIS"
BNJ,"Air Service Liège (ASL)","JET BELGIUM"
BNL,"Blue Nile Ethiopia Trading","NILE TRADING"
BNR,"Bonair Aviation","BONAIR"
BNS,"Bancstar - Valley National Corporation","BANCSTAR"
BNT,"Bentiu Air Transport","BENTIU AIR"
BNV,"Benane Aviation Corporation","BENANE"
BNW,"British North West Airlines","BRITISH NORTH"
BOD,"Bond Air Services","UGABOND"
BOA,"Boniair","KUMANOVO"
BNZ,"Bonza","BONZA"
BOE,"Boeing","BOEING"
BOF,"Bordaire","BORDAIR"
BOO,"Bookajet Limited","BOOKAJET"
BOU,"Bouraq Indonesia Airlines","BOURAQ"
BPA,"Blue Panorama Airlines","BLUE PANORAMA"
BPK,"Berkhut ZK","VENERA"
BPO,"Bundespolizei-Fliegertruppe","PIROL"
BPS,"Budapest Aircraft Services/Manx2","BASE"
BPT,"Bonus Aviation","BONUS"
BPX,"British Petroleum Exploration",""
BRB,"BRA-Transportes Aéreos","BRA-TRANSPAEREOS"
BRD,"Brock Air Services","BROCK AIR"
BRE,"Breeze Ltd","AVIABREEZE"
BRG,"Bering Air","BERING AIR"
BRK,"Briansk State Air Enterprise","BRIANSK-AVIA"
BRN,"Branson Airlines","BRANSON"
BRO,"BASE Regional Airlines","COASTRIDER"
BRS,"Brazilian Air Force","BRAZILIAN AIR FORCE"
BRT,"British Regional Airlines","BRITISH"
BRU,"Belavia Belarusian Airlines","BELARUS AVIA"
BRV,"Bravo Air Congo","BRAVO"
BRW,"Bright Aviation Services","BRIGHT SERVICES"
BRX,"Buffalo Express Airlines","BUFF EXPRESS"
BRY,"Burundayavia","BURAIR"
BSC,"Bistair - Fez","BIG SHOT"
BSD,"Blue Star Airlines","AIRLINES STAR"
BSI,"Brasair Transportes Aéreos","BRASAIR"
BSJ,"Blue Swan Aviation","BLUE SWAN"
BSM,"Blue Sky Aviation",""
BSS,"Bissau Aero Transporte","BISSAU AIRSYSTEM"
BST,"Best Air","TUNCA"
BSW,"Blue Sky Airways","SKY BLUE"
BSY,"Big Sky Airlines","BIG SKY"
BTI,"Air Baltic","Air Baltic"
BTK,"Batik Air","BATIK"
BTQ,"Boutique Air","BOUTIQUE"
BTR,"Botir-Avia","BOTIR-AVIA"
BTT,"BT-Slavuta","BEETEE-SLAVUTA"
BTV,"Batavia Air","BATAVIA"
BTZ,"Bristow U.S. LLC","BRISTOW"
BUC,"European Air Charter","EUROCHARTER"
BUL,"Blue Airlines","BLUE AIRLINES"
BUN,"Buryat Airlines Aircompany","BURAL"
BUZ,"Buzz Stansted","BUZZ"
BVA,"Buffalo Airways","BUFFALO AIR"
BVC,"Bulgarian Aeronautical Centre","BULGARIAN WINGS"
BVN,"Baron Aviation Services","SHOW-ME"
BVT,"Berjaya Air","BERJAYA"
BVU,"Bellview Airlines, Sierra Leone","BELLVIEW AIRLINES"
BWD,"Bluewest Helicopters-Greenland","BLUEWEST"
BWG,"Blue Wings","BLUE WINGS"
BWI,"Blue Wing Airlines","BLUE TAIL"
BWL,"British World Airlines","BRITWORLD"
BXH,"Bar XH Air","PALLISER"
BXI,"Brussels Airlines","XENIA"
BYA,"Berry Aviation","BERRY"
BYC,"Cambodia Bayon Airlines","Bayon Air"
BYF,"San Carlos Flight Center","BAY FLIGHT"
BYL,"Bylina Joint-Stock Company","BYLINA"
BYR,"Berytos Airlines",""
BYE,"Bayu Indonesia Air","BAYU"
BZA,"Bizair Fluggesellschaft","BERLIN BEAR"
BZH,"Brit Air","BRITAIR"
BZZ,"Butane Buzzard Aviation Corporation","BUZZARD"
CBJ,"Beijing Capital Airlines","CAPITAL JET"
CKM,"BKS Air (Rivaflecha)","COSMOS"
CLF,"Bristol Flying Centre","CLIFTON"
CLN,"Barnes Olsen Aeroleasing","SEELINE"
CXS,"Boston-Maine Airways","CLIPPER CONNECTION"
BEL,"Brussels Airlines","BEE-LINE"
EBA,"Bond Aviation","BOND AVIATION"
EXB,"Brazilian Army Aviation","BRAZILIAN ARMY"
EXP,"Business Express Delivery","EXPRESS AIR"
FOS,"Bel Limited",""
GAA,"Business Express","BIZEX"
HAW,"Bangkok Aviation Center","THAI HAWK"
HAX,"Benair","SCOOP"
IBB,"Binter Canarias","BINTER"
IRJ,"Bonyad Airlines","BONYAD AIR"
IVR,"Burundaiavia","RERUN"
BLA,"Blue Air","BLUE AIR"
LAJ,"British Mediterranean Airways","BEE MED"
LBY,"Belle Air","ALBAN-BELLE"
LED,"Blom Geomatics","SWEEPER"
LTL,"Benin Littoral Airways","LITTORAL"
LXJ,"Bombardier Business Jet Solutions","FLEXJET"
LZB,"Bulgaria Air","FLYING BULGARIA"
MBR,"Brazilian Navy Aviation","BRAZILIAN NAVY"
NKF,"Barents AirLink","NORDFLIGHT"
NYB,"Belgian Navy","BELGIAN NAVY"
OTA,"Business Aviators","OUTLAW"
OUF,"Beijing Eofa International Jet","ELEMENT"
PEB,"Benders Air","PALEMA"
POI,"BGB Air","BOJBAN"
PPS,"Butte Aviation","PIPESTONE"
PVO,"Bearing Supplies Limited","PROVOST"
RHD,"Bond Air Services","RED HEAD"
RLR,"Business Airfreight","RATTLER"
RRS,"Boscombe Down DERA (Formation)","BLACKBOX"
SCJ,"Business Jet Sweden","SCANJET"
SHT,"British Airways Shuttle","SHUTTLE"
SKH,"British Sky Broadcasting","SKYNEWS"
TBL,"Bell Aliant Regional Communications","TELCO"
TXB,"Bell Helicopter Textron","TEXTRON"
UKA,"Buzzaway Limited","UKAY"
VLX,"Biz Jet Charter","AVOLAR"
VOL,"Blue Chip Jet","BLUE SPEED"
WFD,"BAE Systems","AVRO"
WTN,"BAE Systems","TARNISH"
XBO,"Baseops International",""
XDA,"Bureau Veritas",""
XMS,"British Airways Santa","SANTA"
ZBA,"Boskovic Air Charters Limited","BOSKY"
JMP,"Businesswings","JUMP RUN"
BOV,"Boliviana de Aviación","BOLIVIANA"
BRJ,"Borajet","BORA JET"
MXY,"Breeze Airways","MOXY"
CJL,"Canada Jetlines","JETBUS"
LHX,"City Airlines","CITYAIR"
SRJ,"C Air Jet Airlines","SYRJET"
TIP,"C and M Aviation","TRANSPAC"
ORO,"C N Air","CAPRI"
RWG,"C&M Airways","RED WING"
RMU,"C.S.P., Societe","AIR-MAUR"
CJZ,"Caliber Jet","CALIBER JET"
DYN,"California Pacific Airlines","AERODYNAMICS"
CRC,"Camair-Co","CAMAIRCO"
QAI,"Conquest Air","CHICKPEA"
CBH,"Corporate Eagle Management Services","CLUB HOUSE"
CRF,"Croix Rouge Francais","CROIX ROUGE"
CAA,"Civil Aviation Authority of the Czech Republic","INSPECTOR"
BKR,"Civil Air Patrol South Carolina Wing","BOX KAR"
BFN,"Compagnie Nationale Naganagani",""
AWX,"Civil Aviation Authority Directorate of Airspace Policy","ALLWEATHER"
BBN,"Civil Aviation Authority Airworthiness Division","BRABAZON"
ATQ,"CHC Helicopters Nigeria","COLIBRI"
APL,"Corporativo Aereo Principal","AEREO PRINCIPAL"
AIO,"Chief of Staff, United States Air Force","AIR CHIEF"
AID,"Christian Konig - Century Airbirds","CENTURY AIRBIRD"
SMW,"Carpatair Flight Service","SMART WINGS"
CCL,"Cambodia Airlines","ANGKOR WAT"
KME,"Cambodia Airways","GIANT IBIS"
CCB,"Caricom Airways","DOLPHIN"
CYH,"China Southern Airlines Henan","YUHAO"
CFB,"Chongqing Forebase General Aviation","FOREBASE"
XCA,"Colt Transportes Aereos","COLT"
GCY,"CHC Global Operations International","HELIBIRD"
AUN,"Common Sky","COMMON SKY"
CBI,"Cabi","CABI"
CPI,"Compagnia Aeronautica Italiana","AIRCAI"
ICL,"Challenge Airlines IL","CAL"
CMR,"CAM Air Management","CAMEO"
CTZ,"CATA Línea Aérea","CATA"
CCF,"CCF Manager Airline","TOMCAT"
CED,"CEDTA (Compañía Ecuatoriana De Transportes Aéreos)","CEDTA"
HBI,"CHC Denmark","HELIBIRD"
HEM,"CHC Helicopter","HEMS"
SCH,"CHC Airways","SCHREINER"
HKS,"CHC Helikopter Service","HELIBUS"
VCI,"CI-Tours","CI-TOURS"
CKC,"CKC Services",""
CMZ,"CM Stair","CEE-EM STAIRS"
CNT,"Centre national d'études des télécommunications - C.N.E.T.","KNET"
OAP,"COAPA AIR","COAPA"
PDR,"COMAV","SPEEDSTER"
CRH,"CRI Helicopters Mexico","HELI-MEX"
IRO,"CSA Air","IRON AIR"
CSE,"CSE Aviation","OXFORD"
CTQ,"CTK Network Aviation","CITYLINK"
CBR,"Cabair College of Air Training","CABAIR"
CVE,"Cabo Verde Express","KABEX"
CWD,"Caernarfon Airworld","AMBASSADOR"
CXE,"Caicos Express Airways","CAICOS"
CCE,"Cairo Air Transport Company",""
CGC,"Cal Gulf Aviation","CAL-GULF"
REZ,"Cal-West Aviation","CAL AIR"
CSL,"California Air Shuttle","CALIFORNIA SHUTTLE"
CMV,"Calima Aviación","CALIMA"
CAV,"Calm Air","CALM AIR"
CAM,"Camai Air","AIR CAMAI"
KHV,"Cambodia Angkor Air","ANGKOR AIR"
UYC,"Cameroon Airlines","CAM-AIR"
HSO,"Campania Helicopteros De Transporte","HELIASTURIAS"
CJA,"CanJet","CANJET"
PIL,"Canada Jet Charters","PINNACLE"
CDN,"Canadian Airlines","CANADIAN"
CTG,"Canadian Coast Guard","CANADIAN COAST GUARD"
HIA,"Canadian Eagle Aviation","HAIDA"
CFC,"Canadian Forces","CANFORCE"
BZD,"Canadian Global Air Ambulance","BLIZZARD"
CDN,"Canadian Helicopters","CANADIAN"
TKR,"Canadian Interagency Forest Fire Centre","TANKER"
XNC,"Canadian National Telecommunications",""
AKT,"Canadian North","ARCTIC"
CPC,"Canadian Pacific Airlines","EMPRESS"
CDR,"Canadian Regional Airlines","CANADIAN REGIONAL"
CWH,"Canadian Warplane Heritage Museum","WARPLANE HERITAGE"
CWA,"Canadian Western Airlines","CANADIAN WESTERN"
CWW,"Canair","CANAIR"
CUI,"Cancun Air","CAN-AIR"
KAP,"Cape Air","CAIR"
CTO,"Cape Air Transport",""
SEM,"Cape Central Airways","SEMO"
CMY,"Cape Smythe Air","CAPE SMYTHE AIR"
CPX,"Capital Air Service","CAPAIR"
CPD,"Capital Airlines","CAPITAL DELTA"
NCP,"Capital Airlines Limited","CAPITAL SHUTTLE"
CCI,"Capital Cargo International Airlines","CAPPY"
CCQ,"Capital City Air Carriers","CAP CITY"
EGL,"Capital Trading Aviation","PRESTIGE"
CEX,"Capitol Air Express","CAPITOL EXPRESS"
CWZ,"Capitol Wings Airline","CAPWINGS"
VAN,"Caravan Air","CAMEL"
CWN,"Cardiff Wales Flying Club","CAMBRIAN"
FVA,"Cardinal/Air Virginia","AIR VIRGINIA"
GOL,"Cardolaar","CARGOLAAR"
CDI,"Cards Air Services","CARDS"
CFH,"CareFlight","CARE FLIGHT"
CDM,"Carga Aérea Dominicana","CARGA AEREA"
EST,"Carga Express Internacional","CARGAINTER"
GGC,"Cargo 360","LONG-HAUL"
MCX,"Cargo Express","MAURICARGO"
CRV,"Cargo Ivoire","CARGOIV"
CLM,"Cargo Link (Caribbean)","CARGO LINK"
CLU,"Cargo Logic Air","FIREBIRD"
CTW,"Cargo Three","THIRD CARGO"
CRG,"Cargoitalia","WHITE PELICAN"
CJT,"Cargojet Airways","CARGOJET"
CLX,"Cargolux","CARGOLUX"
ICV,"Cargolux Italia","CARGO MED"
CGM,"Cargoman","HOTEL CHARLIE"
DEL,"Carib Aviation","RED TAIL"
BCB,"Carib Express","WAVEBIRD"
PWD,"CARIBAIR","CARIBAIR"
DCC,"Caribbean Air Cargo","CARICARGO"
CLT,"Caribbean Air Transport","CARIBBEAN"
CLT,"Club Aerocelta de Vuelo Con Motor",""
BWA,"Caribbean Airlines","CARIBBEAN AIRLINES"
IQQ,"Caribbean Airways","CARIBJET"
CSX,"Choice Airways","CHOICE AIR"
TLC,"Caribbean Express","CARIB-X"
GFI,"Caribbean Star Airlines","CARIB STAR"
CRB,"Caricom Airways","CARIBBEAN COMMUTER"
CRT,"Caribintair","CARIBINTAIR"
CVG,"Carill Aviation","CARILL"
KRP,"Carpatair","CARPATAIR"
CRR,"Carranza","CARRANZA"
ULS,"Carroll Air Service","ULSTER"
CMT,"Casement Aviation","CASEMENT"
CSO,"Casino Airline","CASAIR"
CSP,"Casper Air Service","CASPER AIR"
CPN,"Caspian Airlines","CASPIAN"
CSJ,"Castle Aviation","CASTLE"
CAZ,"Cat Aviation","EUROCAT"
CBT,"Catalina Flying Boats","CATALINA AIR"
TEX,"Catex","CATEX"
HDA,"Cathay Dragon","DRAGON"
CPA,"Cathay Pacific","CATHAY"
CJR,"Caverton Helicopters","CAVERTON AIR"
CAY,"Cayman Airways","CAYMAN"
CEB,"Cebu Pacific","CEBU"
CIL,"Cecil Aviation","CECIL"
CEG,"Cega Aviation","CEGA"
CEC,"Celtic Airways","CELTAIR"
CWE,"Celtic West","CELTIC"
CEV,"Centre d'Essais en Vol","CENTEV"
CNL,"Centennial Airlines","WYO-AIR"
CNS,"Cobalt Air LLC","CHRONOS"
CVO,"Center Vol","CENTERVOL"
CTS,"Center-South","CENTER-SOUTH"
CET,"Centrafrican Airlines","CENTRAFRICAIN"
CAX,"Central Air Express","CENTRAL EXPRESS"
CTL,"Central Airlines","CENTRAL COMMUTER"
CNY,"Central Airways","CENTRAL LEONE"
ACN,"Central American Airlines","AEROCENTRO"
YOG,"Central Aviation","YOGAN AIR"
DRN,"Central De Discos De Reynosa","DISCOS REYNOSA"
CMA,"CMA-CGM AIRCARGO","FRENCH CARGO"
CHA,"Central Flying Service","CHARTER CENTRAL"
CEM,"Central Mongolia Airways","CENTRAL MONGOLIA"
GLR,"Central Mountain Air","GLACIER"
CQC,"Central Queensland Aviation College",""
CSI,"Central Skyport","SKYPORT"
CLW,"Centralwings","CENTRALWINGS"
DTV,"Centre Airlines","DUTCH VALLEY"
CGS,"Centre of Applied Geodynamica","GEO CENTRE"
CVC,"Centre-Avia","AVIACENTRE"
CCV,"Centro De Helicopteros Corporativos","HELICORPORATIVO"
ACF,"Centro de Formación Aeronáutica de Canarias","FORCAN"
CWC,"Centurion Air Cargo","CHALLENGE CARGO"
URY,"Century Aviation","CENTURY AVIA"
HAI,"Century Aviation International",""
XAD,"Certified Air Dispatch",""
CER,"Cetraca Aviation Service","CETRACA"
IRU,"Chabahar Airlines","CHABAHAR"
CSW,"Chair Airlines","EIGER"
CLG,"Chalair Aviation","CHALLAIR"
CHK,"Chalk's International Airlines","CHALKS"
CLS,"Challenge Air Transport","AIRISTO"
CHS,"Challenge Aviation","CHALLENGE AVIATION"
OFF,"Challenge International Airlines","CHALLENGE AIR"
CHG,"Challenge Airlines BE","Challenge"
CPH,"Champagne Airlines","CHAMPAGNE"
CCP,"Champion Air","CHAMPION AIR"
NCH,"Chanchangi Airlines","CHANCHANGI"
CGN,"Chang An Airlines","CHANGAN"
CHN,"Channel Island Aviation","CHANNEL"
WML,"Chantilly Air","MARLIN"
CPL,"Chaparral Airlines","CHAPARRAL"
CSU,"Chari Aviation Services","CHARI SERVICE"
CAH,"Charlan Air Charter","CHARLAN"
HMD,"Charlie Hammonds Flying Service","HAMMOND"
CGD,"Charlotte Air National Guard",""
CHW,"Charter Air","CHARTER WIEN"
HRT,"Chartright Air","CHARTRIGHT"
CHQ,"Chautauqua Airlines","CHAUTAUQUA"
CBB,"Cheboksary Airenterprise JSC","CHEBAIR"
CHM,"Chemech Aviation",""
CHZ,"Cherline","CHERL"
CMK,"Chernomor-Avia","CHERAVIA"
CBM,"Cherokee Express","BLUE MAX"
CCY,"Cherry Air","CHERRY"
CAB,"Chesapeake Air Service","CHESAPEAKE AIR"
CVR,"Chevron U.S.A","CHEVRON"
CYA,"Cheyenne Airways","CHEYENNE AIR"
CGO,"Chicago Air","WILD ONION"
WDY,"Chicago Jet Group","WINDY CITY"
RAT,"Chief Rat Flight Services","RIVERRAT"
CCH,"Chilchota Taxi Aéreo","CHILCHOTA"
DES,"Chilcotin Caribou Aviation","CHILCOTIN"
CAD,"Chilliwack Aviation","CHILLIWACKAIR"
ETN,"Chim-Nir Aviation","CHIMNIR"
CAL,"China Airlines","DYNASTY"
CKK,"China Cargo Airlines","CARGO KING"
CES,"China Eastern Airlines","CHINA EASTERN"
HXA,"China Express Airlines","CHINA EXPRESS"
CFA,"China Flying Dragon Aviation","FEILONG"
CTH,"China General Aviation Corporation","TONGHANG"
CAG,"China National Aviation Corporation","CHINA NATIONAL"
CBF,"China Northern Airlines","CHINA NORTHERN"
CNW,"China Northwest Airlines","CHINA NORTHWEST"
CHC,"China Ocean Helicopter Corporation","CHINA HELICOPTER"
CYZ,"China Postal Airlines","CHINA POST"
CSN,"China Southern Airlines","CHINA SOUTHERN"
CXN,"China Southwest Airlines","CHINA SOUTHWEST"
CUA,"China United Airlines","LIANHANG"
CXH,"China Xinhua Airlines","XINHUA"
CYH,"China Yunnan Airlines","YUNNAN"
CGU,"Chinguetti Airlines","CHINGUETTI"
CEP,"Chipola Aviation","CHIPOLA"
CPW,"Chippewa Air Commuter","CHIPPEWA-AIR"
CHF,"Chitaavia","CHITA"
CQN,"Chongqing Airlines","CHONG QING"
CAS,"Christman Air System","CHRISTMAN"
CHO,"Chrome Air Services","CHROME AIR"
CHU,"Church Aircraft","CHURCHAIR"
CIU,"Cielos Airlines","CIELOS"
CIM,"Cimber Sterling","CIMBER"
CIN,"Cinnamon Air","CINNAMON"
RRU,"Cirrus","HELICIRRUS"
NTS,"Cirrus Air","NITE STAR"
RUS,"Cirrus Airlines","CIRRUS AIR"
JTI,"Cirrus Middle East",""
FIV,"CitationAir","FIVE STAR"
XCX,"Citibank",""
HZX,"Citic General Aviation","ZHONGXIN"
SDR,"City Airline","SWEDESTAR"
CIX,"City Connexion Airlines","CONNEXION"
XBG,"City of Bangor",""
BCY,"CityJet","CITY-IRELAND"
CAQ,"Cityair (Chester) Limited","AIR CHESTER"
CII,"Cityfly","CITYFLY"
CFE,"CityFlyer Express","FLYER"
CNB,"Cityline Hungary","CITYHUN"
HSR,"Citylink Airlines","HOOSIER"
CIW,"Civair Airways","CIVFLIGHT"
CAP,"Civil Air Patrol","CAP"
CAT,"Civil Air Transport","Mandarin"
CIA,"Civil Aviation Authority","CALIMERA"
CIV,"Civil Aviation Authority of New Zealand","CIVAIR"
CBA,"Civil Aviation Inspectorate of the Czech Republic","CALIBRA"
FMC,"Claessens International Limited","CLAESSENS"
CLK,"Clark Aviation","CLARKAIR"
CSF,"Clasair","CALEDONIAN"
CLY,"Clay Lacy Aviation","CLAY-LACY"
CGK,"Click Airways","CLICK AIR"
CLZ,"Cloud 9 Air Charters","CLOUDLINE"
CLD,"Clowes Estates Limited","CLOWES"
SDJ,"Club 328","SPACEJET"
ISG,"Club Air","CLUBAIR"
CST,"Coast Air","COAST CENTER"
TCL,"Coastal Air Transport","TRANS COASTAL"
CNG,"Coastal Airways","SID-AIR"
CSV,"Coastal Travels","COASTAL TRAVEL"
CHL,"Cohlmia Aviation","COHLMIA"
OLR,"Colaéreos","COLAEREOS"
CLE,"Colemill Enterprises","COLEMILL"
CJC,"Colgan Air","COLGAN"
CAE,"Colibri Aviation","HUMMINGBIRD"
CAT,"Cologne Air Transport GmbH",""
CCX,"Colt International",""
WCO,"Columbia Helicopters","COLUMBIA HELI"
KLR,"Columbus Air Transport","KAY-LER"
GHP,"Colvin Aviation","GRASSHOPPER EX"
COM,"Comair","COMAIR"
CAW,"Comair","COMMERCIAL"
GCM,"Comair Flight Services","GLOBECOM"
CDE,"Comed Group","COMEX"
CVV,"Comeravia","COMERAVIA"
CRS,"Comercial Aérea","COMERCIAL AEREA"
CMG,"Comet Airlines","SUNSPY"
FYN,"Comfort Air","FLYNN"
CMJ,"Comfort Jet Services","COMFORT JET"
CLA,"Comlux Aviation","COMLUX"
KAZ,"Comlux Kazakhstan","KAZLUX"
MLM,"Comlux Malta","LUXMALTA"
CXB,"Comlux Aruba","STARLUX"
CMH,"Commair Aviation","COMMODORE"
CTM,"Commandement Du Transport Aerien Militaire Francais","COTAM"
CML,"Commander Air Charter","COMMANDAIR"
CRM,"Commander Mexicana","COMMANDERMEX"
CME,"Commerce Bank","COMMERCE BANK"
CMS,"Commercial Aviation","ACCESS"
GAR,"Commodore Aviation",""
CJS,"Commonwealth Jet Service","COMMONWEALTH"
UCA,"CommutAir","COMMUTAIR"
CWK,"Comores Airlines","CONTICOM"
CGR,"Compagnia Generale Ripreseaeree","COMPRIP"
CMM,"Compagnie Aérienne du Mali","CAMALI"
CPM,"Compagnie Mauritanienne Des Transports",""
GIC,"Compagnie de Bauxites de Guinee","CEBEGE"
AIF,"Compañía Aérea de Valencia",""
ATF,"Compañía Aerotécnicas Fotográficas","AEROTECNICAS"
LCT,"Compañía De Actividades Y Servicios De Aviación","STELLAIR"
EJV,"Compania Ejecutiva","EJECUTIVA"
HSE,"Compania Helicopteros Del Sureste","HELISURESTE"
MDR,"Compania Mexicana De Aeroplanos","AEROPLANOS"
HSS,"Compañía Transportes Aéreos Del Sur","TAS HELICOPTEROS"
TAV,"Compañía de Servicios Aéreos Tavisa","TAVISA"
CYF,"Company Flight","COMPANY FLIGHT"
CPZ,"Compass Airlines","COMPASS ROSE"
CPS,"Compass International Airways","COMPASS"
XCO,"Compuflight Operations Service",""
XCS,"Compuserve Incorporated",""
CRC,"Conair Aviation","CONAIR-CANADA"
COD,"Concordavia","CONCORDAVIA"
CNR,"Condor Aero Services","CONAERO"
CIB,"Condor","CONDOR BERLIN"
CFG,"Condor Flugdienst","CONDOR"
COF,"Confort Air","CONFORT"
CAK,"Congo Air",""
CGA,"Congressional Air","CONGRESSIONAL"
ROY,"Conifair Aviation",""
CCT,"Connect Air","CONNECT"
BSN,"Connectair Charters","BASTION"
CAC,"Conquest Airlines","CONQUEST AIR"
CXO,"Conroe Aviation Services","CONROE AIR"
VCH,"Consorcio Helitec","CONSORCIO HELITEC"
UZA,"Constanta Airline","CONSTANTA"
KIS,"Contactair","CONTACTAIR"
XCL,"Contel ASC",""
COA,"Continental Airlines","CONTINENTAL"
CMI,"Continental Micronesia","AIR MIKE"
CON,"Continental Oil","CONOCO"
VCV,"Conviasa","CONVIASA"
CKA,"Cook Inlet Aviation","COOK-AIR"
SVY,"Cooper Aerial Surveys","SURVEYOR"
CMP,"Copa Airlines","COPA"
CAT,"Copenhagen Air Taxi","AIRCAT"
COP,"Copper State Air Service","COPPER STATE"
AAQ,"Copterline","COPTERLINE"
CCW,"Central Charter","CENTRAL CHARTER"
CAI,"Corendon Airlines","CORENDON"
CND,"Corendon Dutch Airlines","DUTCH CORENDON"
CXI,"Corendon Airlines Europe","TOURISTIC"
CRA,"Coronado Aerolíneas","CORAL"
CPB,"Corpac Canada","PENTA"
CNC,"Corporación Aéreo Cencor","CENCOR"
CPG,"Corporacion Aeroangeles","CORPORANG"
CGY,"Corporacion Paraguaya De Aeronautica",""
CPT,"Corporate Air","AIR SPUR"
CPR,"Corporate Air","CORPAIR"
CPO,"Corporate Aircraft Company","MOKAN"
COO,"Corporate Airlink","CORPORATE"
CKE,"Corporate Aviation Services","CHECKMATE"
VHT,"Corporate Flight International","VEGAS HEAT"
VTE,"Contour Airlines","VOLUNTEER"
CJI,"Corporate Jets","SEA JET"
CRL,"Corsairfly","CORSAIR"
CCM,"Corse Méditerranée","CORSICA"
COZ,"Cosmic Air","COSMIC AIR"
COT,"Costa Airlines","COAIR"
CRG,"Costa Rica Green Airways",""
CHI,"Cougar Helicopters","COUGAR"
MGB,"Coulson Flying Service","MOCKINGBIRD"
NSW,"Country Connection Airlines",""
CIK,"Country International Airlines","COUNTRY AIR"
CSD,"Courier Services","DELIVERY"
CUT,"Court Helicopters","COURT AIR"
CVL,"Coval Air","COVAL"
COW,"COWI","COWI"
COY,"Coyne Aviation","COYNE AIR"
CFD,"Cranfield University","AERONAUT"
CRE,"Cree Airways","CREE AIR"
ELM,"Crelam","CRELAM"
CAN,"Crest Aviation","CREST"
KRM,"Crimea Universal Avia","TRANS UNIVERSAL"
CTN,"Croatia Airlines","CROATIA"
HRZ,"Croatian Air Force","CROATIAN AIRFORCE"
CRX,"Cross Aviation","CROSSAIR"
ECC,"Crossair Europe","Cigogne"
CWX,"Crow Executive Air","CROW EXPRESS"
CKR,"Crown Air Systems","CROWN AIR"
CRO,"Crown Airways","CROWN AIRWAYS"
CRW,"Crownair","REGAL"
VCR,"Cruiser Linhas Aéreas","VOE CRUISER"
CTY,"Cryderman Air Service","CENTURY"
CYT,"Crystal Shamrock Airlines","CRYSTAL-AIR"
CUB,"Cubana de Aviación","CUBANA"
CTF,"Cutter Aviation","CUTTER FLIGHT"
CBL,"Cumberland Airways (Nicholson Air Service)","CUMBERLAND"
CTT,"Custom Air Transport","CATT"
RGN,"Cygnus Air","CYGNUS AIR"
CYC,"Cyprair Tours","CYPRAIR"
CYS,"Cypress Airlines","SKYBIRD"
CYP,"Cyprus Airways","CYPRUS"
KYV,"Cyprus Turkish Airlines","AIRKIBRIS"
CEF,"Czech Air Force","CZECH AIR FORCE"
AHD,"Czech Air Handling","AIRHANDLING"
CSA,"Czech Airlines","CSA-LINES"
CIE,"Czech Government Flying Service","CZECH REPUBLIC"
CGP,"Cargo Plus Aviation",""
HNL,"CHC Helicopters Netherlands","MAPLELEAF"
KEM,"CemAir","CEMAIR"
JLH,"Centro de Servicio Aeronautico","CESA"
FCB,"Cobalt","NEW AGE"
CVK,"CAVOK Airlines","CARGO LINE"
CLI,"Clickair","CLICKJET"
CHB,"West Air (China)","WEST CHINA"
CRN,"Carson Air Ltd","CARSON"
DJT,"Dreamjet","DREAMJET"
DPJ,"Delta Private Jets","JET CARD"
DJR,"Desert Jet","DESERT FLIGHT"
DLC,"Dehong South Asian General Aviation","SOARCOPTER"
DLH,"Deutsche Luft Hansa","DEUTSCHE LUFT HANSA"
DNS,"Dniproaviaservis Company",""
DRF,"Dream Flyers Training Center",""
DMF,"DMCFLY","DEMLY"
NAU,"Danaus Lineas Aereas","DANAUS"
GDF,"DF Aviation",""
DDA,"D & D Aviation","DUSTY"
DNK,"D&K Aviation","DIRECT JET"
VPA,"DanubeWings","VIP TAXI"
DHE,"DAP Helicopteros","HELIDAP"
VLF,"DFS UK Limited","VOLANTE"
DSR,"DAS Air Cargo","DAIRAIR"
RKC,"DAS Airlines","DAS CONGO"
DTR,"DAT Danish Air Transport","DANISH"
ENT,"DAT Enterprise Limited","DATENT"
BDN,"DERA Boscombe Down","GAUNTLET"
DSN,"DESNA","DESNA"
DET,"DETA Air","SAMAL"
DGO,"DGO Jet","DGO JET"
DAE,"DHL Aero Expreso","YELLOW"
DHK,"DHL Air Limited","WORLD EXPRESS"
DHV,"DHL Aviation","WORLDSTAR"
DHX,"DHL International","DILMUN"
JOS,"DHL de Guatemala",""
RSK,"DSWA","REDSKIN"
DAO,"Daallo Airlines","DALO AIRLINES"
DAG,"Dagestan Airlines","DAGAL"
DHA,"Dahla Airlines",""
CCD,"Dalian Airlines","XIANGJIAN"
DCS,"DC Aviation","TWIN STAR"
DCX,"Daimler-Chrysler","DAIMLER"
DKA,"Daka",""
DLR,"Dala Air Services","DALA AIR"
KHB,"Dalavia","DALAVIA"
DXP,"Dallas Express Airlines","DALLAS EXPRESS"
DAS,"Damascene Airways","AIRDAM"
DSA,"Danbury Airways","DANBURY AIRWAYS"
DOP,"Dancopter","DANCOPTER"
DAF,"Danish Air Force","DANISH AIRFORCE"
DDL,"Danish Air Lines",""
DAR,"Danish Army","DANISH ARMY"
DNY,"Danish Navy","DANISH NAVY"
DNU,"Danu Oro Transportas","DANU"
DRT,"Darta","DARTA"
DWT,"Darwin Airline","DARWIN"
DSQ,"Dasab Airlines","DASAB AIR"
DSH,"Dash Air Charter","DASH CHARTER"
GOB,"Dash Aviation","PILGRIM"
DGX,"Dasnair","DASNA"
DAB,"Dassault Aviation",""
CVF,"Dassault Falcon Jet Corporation","CLOVERLEAF"
DSO,"Dassault Falcon Service","DASSAULT"
DTN,"Data International","DATA AIR"
XDT,"Date Transformation Corp",""
DAU,"Dauair","DAUAIR"
DCO,"David Crawshaw Consultants Limited",""
DWN,"Dawn Air","DAWN AIR"
DJS,"DayJet","DAYJET"
DAY,"Daya Aviation","DAYA"
DHC,"De Havilland","DEHAVILLAND"
IAY,"Deadalos Flugtbetriebs","IASON"
DAA,"Decatur Aviation","DECUR"
DKN,"Deccan Charters","DECCAN"
JDC,"Deere & Company","JOHN DEERE"
DWR,"Delaware Skyways","DELAWARE"
DEA,"Delta Aerotaxi","JET SERVICE"
SNO,"Delta Air Charter","SNOWBALL"
ELJ,"Delta Private Jets","ELITE JET"
DAL,"Delta Air Lines","DELTA"
KMB,"Delta Engineering Aviation","KEMBLEJET"
DLI,"Delta Express International","DELTA EXPRESS"
DSU,"Delta State University","DELTA STATE"
DNM,"Denim Air","DENIM"
FEC,"Denver Express","FALCON EXPRESS"
DJT,"Denver Jet","DENVER JET"
FGC,"Departament d'Agricultura de la Generalitat de Catalunya","FORESTALS"
DRY,"Deraya Air Taxi","DERAYA"
DRX,"Des R Cargo Express",""
MIZ,"Desarrollo Milaz","MILAZ"
DTY,"Destiny Air Services","DESTINY"
AMB,"Deutsche Rettungsflugwacht","CIVIL AIR AMBULANCE"
LFO,"Deutsches Zentrum fur Luft-und Raumfahrt EV","LUFO"
DIS,"Di Air","DI AIR"
SPK,"Diamond Aviation","SPARKLE"
DRB,"Didier Rousset Buy","DIDIER"
DGT,"Digital Equipment Corporation","DIGITAL"
DIP,"Diplomatic Freight Services","DIPFREIGHT"
ENA,"Dirección General de Aviación Civil y Telecomunicasciones","ENA"
DIA,"Direct Air","BLUE SKY"
XAP,"Direct Air trading as Midway Connection","MID-TOWN"
DCT,"Direct Flight",""
SXP,"Direct Fly","EXPRESS SKY"
DIR,"Dirgantara Air Service","DIRGANTARA"
DCV,"Discover Air","DISCOVER"
OCN,"Discover Airlines","OCEAN"
DVA,"Discovery Airways","DISCOVERY AIRWAYS"
XDS,"Dispatch Services",""
DIX,"Dix Aviation","DIX FLIGHT"
DEE,"Dixie Airways","TACAIR"
UDN,"Dniproavia","DNIEPRO"
FDN,"Dolphin Air","FLYING DOLPHIN"
IXX,"Dolphin Express Airlines","ISLAND EXPRESS"
DPL,"Dome Petroleum","DOME"
ADM,"Dominair","DOMINAIR"
MYO,"Dominguez Toledo (Grupo Mayoral)","MAYORAL"
DOA,"Dominicana de Aviación","DOMINICANA"
DMO,"Domodedovo Airlines","DOMODEDOVO"
DVB,"Don Avia","DONSEBAI"
DON,"Donair Flying Club","DONAIR"
DNV,"Donavia","DONAVIA"
UDC,"DonbassAero","DONBASS AERO"
EPA,"Donghai Airlines","DONGHAI AIR"
DAD,"Dorado Air","DORADO AIR"
DOR,"Dornier","DORNIER"
DAV,"Dornier Aviation Nigeria","DANA AIR"
DOM,"Dos Mundos","DOS MUNDOS"
DCA,"Dreamcatcher Airways","DREAM CATCHER"
DRK,"Druk Air","ROYAL BHUTAN"
DRE,"Drummond Island Air","MICHIGAN"
DUB,"Dubai Airwing","DUBAI"
DBK,"Dubrovnik Air","SEAGULL"
DUK,"Ducair","LION KING"
DBJ,"Duchess of Brittany (Jersey) Limited","DUCHESS"
LPD,"UK Royal/HRH Duke of York","LEOPARD"
DUN,"Dun'Air","DUNAIR"
PHD,"Duncan Aviation","PANHANDLE"
VVF,"Dunyaya Bakis Hava Tasimaciligi","WORLDFOCUS"
DUO,"Duo Airways","FLY DUO"
DJE,"Durango Jet","DURANGO JET"
DNL,"Dutch Antilles Express","DUTCH ANTILLES"
DCE,"Dutch Caribbean Express","DUTCH CARIBBEAN"
DBR,"Dutchbird","DUTCHBIRD"
DBR,"Dobrolet","DOBROLET"
DFS,"Dwyer Aircraft Services","DWYAIR"
XDY,"Dynair Services",""
DNR,"Dynamair Aviation","DYNAMAIR"
DYE,"Dynamic Air","DYNAMIC"
DYA,"Dynamic Airways","DYNAMIC AIR"
BAG,"Dba","SPEEDWAY"
DKH,"Juneyao Air","AIR JUNEYAO"
EAV,"Eagle Airlines Luftverkehrsges","MAYFLOWER"
ABU,"Eagle Aviation Services",""
ISL,"Eastland Air Services (Flugfélag Austurlands)","EASTLAND"
EBF,"Echo Airlines",""
ENY,"Envoy Air","ENVOY"
ENK,"Executive Airlink","SUNBIRD"
ELB,"Ellinair","ELLINAIR HELLAS"
ELN,"Eleron Aviation Company","ELERON"
ECC,"Eclair Aviation","ECLAIR"
ELU,"Egyptian Leisure Airlines","EGYPTIAN LEISURE"
EDV,"Endeavor Air","ENDEAVOR"
MNU,"Elite Airways","MAINER"
EHD,"E H Darby Aviation","PLATINUM AIR"
EXW,"Executive Airlines Services","ECHOLINE"
EFS,"EFAOS- Agencia De Viagens e Turismo","EFAOS"
EFD,"Eisele Flugdienst","EVER FLIGHT"
FSD,"EFS-Flugservice","FLUGSERVICE"
EIS,"EIS Aircraft","COOL"
IAG,"EPAG","EPAG"
ESI,"ESI Eliservizi Italiani","ELISERVIZI"
EUY,"EU Airways","EUROAIRWAYS"
EUJ,"EUjet","UNION JET"
ICR,"Eagle Aero","ICARUS FLIGHTS"
FEI,"Eagle Air","ARCTIC EAGLE"
EGR,"Eagle Air","EAGLE SIERRA"
EFL,"Eagle Air","FLYING EAGLE"
EGU,"Eagle Air","AFRICAN EAGLE"
EAG,"Eagle Airways","EAGLE"
EGX,"Eagle Air Company","THAI EAGLE"
GYP,"Eagle Aviation","GYPSY"
EGN,"Eagle Aviation France","FRENCH EAGLE"
EES,"Eagle Express",""
EZX,"Eagle Express Air Charter","EAGLEXPRESS"
SEG,"Eagle International","SEN-EAGLE"
EGJ,"Eagle Jet Charter","EAGLE JET"
EMD,"Eaglemed (Ballard Aviation)","EAGLEMED"
ERX,"Earth Airlines Services","EARTH AIR"
HSA,"East African Safari Air","DUMA"
EXZ,"East African Safari Air Express","TWIGA"
EMU,"East Asia Airlines","EAST ASIA"
ECT,"East Coast Airways","EASTWAY"
ECJ,"East Coast Jets","EASTCOAST JET"
EHA,"East Hampton Aire","AIRE HAMPTON"
EKC,"East Kansas City Aviation","BLUE GOOSE"
CTK,"East Midlands Helicopters","COSTOCK"
DXH,"East Star Airlines","EAST STAR"
EWA,"East-West Airlines","EASTWEST"
ESR,"Eastar Jet","EASTAR"
EAZ,"Eastern Air","EASAIR"
EAX,"Eastern Air Executive","EASTEX"
EAL,"Eastern Air Lines","EASTERN"
EZE,"Eastern Airways","EASTFLIGHT"
EAQ,"Eastern Australia Airlines","EASTERN"
ECI,"Eastern Carolina Aviation","EASTERN CAROLINA"
GNS,"Eastern Executive Air Charter","GENESIS"
LIS,"Eastern Express","LARISA"
EME,"Eastern Metro Express","EMAIR"
EPB,"Eastern Pacific Aviation","EAST PAC"
ESJ,"Eastern SkyJets","EASTERN SKYJETS"
ELA,"Eastland Air",""
SGR,"Eastwind Airlines","STINGER"
FYE,"Easy Link Aviation Services","FLYME"
EJU,"easyJet Europe","ALPINE"
EZS,"easyJet Switzerland","TOPSWISS"
EZY,"easyJet UK","EASY"
CMN,"Eckles Aircraft","CIMMARON AIRE"
EJT,"Eclipse Aviation","ECLIPSE JET"
ECQ,"Eco Air","SKYBRIDGE"
DEI,"Ecoair",""
NAK,"École Nationale de l'Aviation Civile","ENAC SCHOOL"
ECX,"Ecomex Air Cargo","AIR ECOMEX"
ECD,"Ecotour","ECOTOUR"
XCC,"Ecoturistica de Xcalak","XCALAK"
ECV,"Ecuatoguineana De Aviación (EGA)","EQUATOGUINEA"
EQC,"Ecuatorial Cargo","ECUA-CARGO"
ECU,"Ecuavia","ECUAVIA"
EDW,"Edelweiss Air","EDELWEISS"
SLO,"Edgartown Air","SLOW"
EDC,"Air Charter Scotland","SALTIRE"
EDJ,"Edwards Jet Center of Montana","EDWARDS"
EIJ,"Efata Papua Airlines","EFATA"
EUW,"EFS European Flight Service","EUROWEST"
MSR,"Egyptair","EGYPTAIR"
MSX,"Egyptair Cargo","EGYPTAIR CARGO"
EGY,"Egyptian Air Force",""
EJX,"Egyptian Aviation",""
EMA,"Egyptian Aviation Company",""
EIX,"Ei Air Exports","AIR EXPORTS"
EIR,"Eirjet","EIRJET"
ELY,"El Al Israel Airlines","ELAL"
CMX,"El Caminante Taxi Aéreo","EL CAMINANTE"
GLQ,"El Quilada International Aviation","QUILADA"
ELS,"El Sal Air","EL SAL"
ESC,"El Sol De América","SOLAMERICA"
BRQ,"El-Buraq Air Transport","BURAQAIR"
ELX,"Elan Express","ELAN"
LBR,"Elbe Air Transport","MOTION"
NLK,"Elbrus-Avia Air Enterprise","ELAVIA"
DND,"Eldinder Aviation","DINDER"
PDV,"Elicar","ELICAR"
EDO,"Elidolomiti","ELIDOLOMITI"
ELB,"Elieuro","ELILOBARDIA"
EFG,"Elifriulia","ELIFRIULIA"
ELH,"Elilario Italia","LARIO"
EOA,"Elilombarda","LOMBARDA"
MEE,"Elimediterranea","ELIMEDITERRANEA"
VUL,"Elios","ELIOS"
IEP,"Elipiu'","ELIPIU"
RSA,"Elisra Airlines","ESRA"
EAI,"Elite Air","ELAIR"
EJD,"Elite Jets","ELITE DUBAI"
FGS,"Elitellina","ELITELLINA"
ELT,"Elliott Aviation","ELLIOT"
MGG,"Elmagal Aviation Services","ELMAGAL"
ELR,"Elrom Aviation and Investments",""
EAM,"Embassy Airlines","EMBASSY AIR"
EFT,"Embassy Freight Company","EMBASSY FREIGHT"
EMB,"Empresa Brasileira De Aeronáutica","EMBRAER"
XSL,"Embry-Riddle Aeronautical University","SATSLAB"
ERU,"Embry-Riddle Aeronautical University","RIDDLE"
EAI,"Emerald Airlines","GEMSTONE"
JEM,"Emerald Airways","GEMSTONE"
EWW,"Emery Worldwide Airlines","EMERY"
EMT,"Emetebe","EMETEBE"
UAE,"Emirates","EMIRATES"
SBC,"Emoyeni Air Charter","SABIAN AIR"
EMP,"Empire Air Service","EMPIRE"
CFS,"Empire Airlines","EMPIRE AIR"
MPR,"Empire Aviation Services",""
ETP,"Empire Test Pilots' School","TESTER"
AUO,"Empresa (Aero Uruguay), S.A.","UNIFORM OSCAR"
PRG,"Empresa Aero-Servicios Parrague","ASPAR"
VNA,"Empresa Aviación Interamericana","EBBA"
EEA,"Empresa Ecuatoriana De Aviación","ECUATORIANA"
CNI,"Empresa Nacional De Servicios Aéreos","SERAER"
VNE,"Empresa Venezolana","VENEZOLANA"
GTV,"Empresa de Aviación Aerogaviota","GAVIOTA"
XLT,"Empressa Brasileira de Infra-Estrutura Aeroportuaria-Infraero","INFRAERO"
ENC,"Endecots","ENDECOTS"
ENI,"Enimex","ENIMEX"
ENK,"Enkor JSC","ENKOR"
EGV,"Enrique Gleisner Vivanco","GLEISNER"
ESE,"Ensenada Vuelos Especiales","ENSENADA ESPECIAL"
ENT,"Enter Air","ENTER"
ENS,"Entergy Services","ENTERGY SHUTTLE"
EWS,"Enterprise World Airways","WORLD ENTERPRISE"
ESS,"Eos Airlines","NEW DAWN"
EKA,"Equaflight Service","EQUAFLIGHT"
EQZ,"Equatair Air Services (Zambia)","ZAMBIA CARGO"
EQT,"Equatorial Airlines",""
EQR,"Equatorial Congo Airlines","ECAIR"
ERH,"Era Helicopters","ERAH"
IRY,"Eram Air","ERAM AIR"
ERF,"Erfoto","ERFOTO"
ERE,"Erie Airways","AIR ERIE"
ERT,"Eritrean Airlines","ERITREAN"
EAD,"Escola De Aviacao Aerocondor","AERO-ESCOLA"
CTV,"Escuela De Pilotos Are Aviación","ARE AVIACION"
EPC,"Espace Aviation Services","ESPACE"
ERC,"Esso Resources Canada","ESSO"
ESF,"Estafeta Carga Aérea",""
EEF,"Estonian Air Force","ESTONIAN AIR FORCE"
ELL,"Estonian Air","ESTONIAN"
ETA,"Estrellas Del Aire","ESTRELLAS"
ETH,"Ethiopian Airlines","ETHIOPIAN"
MJM,"Eti 2000","ELCO ETI"
ETD,"Etihad Airways","ETIHAD"
ETM,"Etram Air Wing","ETRAM"
EVN,"Euraviation","EURAVIATION"
ECN,"Euro Continental AIE","EURO CONTINENTAL"
ESN,"Euro Sun","EURO SUN"
EAK,"Euro-Asia Air","EAKAZ"
KZE,"Euro-Asia Air International","KAZEUR"
MMZ,"EuroAtlantic Airways","EUROATLANTIC"
SEB,"Euroavia Airlines","EURO AVIA"
GOJ,"EuroJet Aviation","GOJET"
EUP,"Pan Europeenne Air Service","SAVOY"
EUU,"Euroamerican Air","EUROAMERICAN"
ECY,"Euroceltic Airways","ECHELON"
EUC,"Eurocontrol",""
ECF,"Eurocopter","EUROCOPTER"
ECA,"Eurocypria Airlines","EUROCYPRIA"
EEZ,"Eurofly","E-FLY"
EEU,"Eurofly Service","EUROFLY"
EUG,"Euroguineana de Aviación","EUROGUINEA"
ERJ,"Eurojet Italia","JET ITALIA"
JLN,"Eurojet Limited","JET LINE"
RDP,"Eurojet Romania","JET-ARROW"
EJS,"Eurojet Servis","EEJAY SERVICE"
ELO,"Eurolot","EUROLOT"
EMX,"Euromanx Airways","EUROMANX"
GED,"Europe Air Lines","LANGUEDOC"
FPO,"Europe Airpost","FRENCH POST"
EUT,"European 2000 Airlines","FIESTA"
EAG,"European Aeronautical Group UK",""
EAL,"European Air Express","STAR WING"
BCS,"European Air Transport","POSTMAN"
EAF,"European Aviation Air Charter","EUROCHARTER"
EBJ,"European Business Jets",""
ECB,"European Coastal Airlines","COASTAL CLIPPER"
ETV,"European Executive","EURO EXEC"
EXC,"European Executive Express","ECHO EXPRESS"
EBG,"Eurosense","EUROSENSE"
ESX,"Euroskylink","CATFISH"
EWG,"Eurowings","EUROWINGS"
EWL,"Eurowings Europe","Black Pearl"
EVA,"EVA Air","EVA"
EVE,"Evelop Airlines","EVELOP"
EVK,"Everett Aviation","EVERETT"
EVT,"Everett Limited",""
EIA,"Evergreen International Airlines","EVERGREEN"
VTS,"Everts Air Alaska/Everts Air Cargo","EVERTS"
EVL,"Evolem Aviation","EVOLEM"
EWR,"Ewa Air","MAYOTTE AIR"
EMN,"Examiner Training Agency","AGENCY"
XLA,"Excel Airways","EXPO"
XEL,"Excel Charter","HELI EXCEL"
GZA,"Excellent Air","EXCELLENT AIR"
EXA,"Execair Aviation","CANADIAN EXECAIRE"
VCN,"Execujet Charter","AVCON"
EJO,"Execujet Middle East","MIDJET"
VMP,"Execujet Scandinavia","VAMPIRE"
LFL,"Executive Air","LIFE FLIGHT"
EAC,"Executive Air Charter","EXECAIR"
XAF,"Executive Air Fleet",""
ECS,"Executive Aircraft Charter and Charter Services","ECHO"
XAH,"Executive Aircraft Services",""
EXK,"Executive Airlines","EXECUTIVE EAGLE"
EXU,"Executive Airlines","SACAIR"
JTR,"Executive Aviation Services","JESTER"
EXE,"Executive Flight","EXEC"
TRI,"Executive Flight Operations Ontario Government","TRILLIUM"
EXJ,"Executive Jet Charter",""
EJM,"Executive Jet Management","JET SPEED"
TEA,"Executive Turbine Aviation","TRAVELMAX"
EXF,"Eximflight","EXIMFLIGHT"
EXN,"Exin","EXIN"
EXR,"Expertos En Carga","EXPERTOS ENCARGA"
FXA,"Express Air","EFFEX"
EIC,"Express International Cargo","EXCARGO"
XPL,"Express Line Aircompany","EXPRESSLINE"
XNA,"Express Net Airlines","EXPRESSNET"
LHN,"Express One International","LONGHORN"
XTO,"Express Tours","EXPRESS TOURS"
ASQ,"ExpressJet","ACEY"
XSL,"Excel-Aire Service","EXCELAIRE"
LTD,"Executive Express Aviation/JA Air Charter","LIGHT SPEED"
XSR,"Executive Flight Services","AIRSHARE"
EPR,"Express Airways","EMPEROR"
XRO,"ExxAero","CRAMER"
JTM,"Exxavia Limited","SKYMAN"
EZJ,"Ezjet GT","GUYANA JET"
EVS,"Exploits Valley Air Services","EVAS"
FRX,"Fort Aero","FORT AERO"
PBR,"Fast Air","POLAR BEAR"
SRE,"Fly Jetstream Aviation","STREAMJET"
FTZ,"Fastjet","GREY BIRD"
FAP,"F Air","FAIR SCHOOL"
FFL,"ForeFlight","FOREFLIGHT"
EYE,"F.S. Air Service","SOCKEYE"
IFA,"FAI Air Service","RED ANGEL"
FLC,"FINFO Flight Inspection Aircraft","FLIGHT CHECK"
FKI,"FLM Aviation Mohrdieck","KIEL AIR"
DCM,"FLTPLAN (anonymized service)","DOT COM"
FLW,"FLowair Aviation","QUICKFLOW"
FMG,"FMG Verkehrsfliegerschule Flughafen Paderborn-Lippstadt","HUSKY"
FRA,"FR Aviation","RUSHTON"
FSB,"FSB Flugservice & Development","SEABIRD"
LEJ,"FSH Luftfahrtunternehmen","LEIPZIG FAIR"
FBA,"Fab Air","FAB AIR"
FCS,"Facts Air","MEXFACTS"
FAV,"Fair Aviation","FAIRAVIA"
FWD,"Fair Wind Air Charter","FAIR WIND"
FLS,"Fairlines","FAIRLINE"
FFC,"Fairoaks Flight Centre","FAIROAKS"
FWY,"Fairways Corporation","FAIRWAYS"
FCN,"Falcon Air","FALCON"
FAR,"Falcon Air","FALCAIR"
FAO,"Falcon Air Express","PANTHER"
FAU,"Falcon Airline","FALCON AIRLINE"
FBU,"French Bee","FRENCH BEE"
FVS,"Falcon Aviation Services","FALCON AVIATION"
FJC,"Falcon Jet Centre","FALCONJET"
FAW,"Falwell Aviation","FALWELL"
FEA,"Far Eastern Air Transport","Far Eastern"
FDL,"Farmingdale State University","FARMINGDALE STATE"
FAH,"Farnair Hungary","BLUE STRIP"
FRN,"Farnair Netherlands","FARNED"
FAT,"ASL Airlines Switzerland","FARNER"
RAF,"Farnas Aviation Services","FARNAS"
HBL,"Faroecopter","HELIBLUE"
RCK,"FaroeJet","ROCKROSE"
FRW,"Farwest Airlines","FARWEST"
FSW,"Faso Airways","FASO"
FHL,"Fast Helicopters","FINDON"
FAY,"Fayban Air Services","FAYBAN AIR"
SKM,"Fayetteville Flying Service and Scheduled Skyways System","SKYTEM"
FDR,"Federal Air","FEDAIR"
FLL,"Federal Airlines","FEDERAL AIRLINES"
DCN,"Federal Armed Forces","DIPLOMATIC CLEARANCE"
FRM,"Federal Armored Service","FEDARM"
NHK,"Federal Aviation Administration","NIGHTHAWK"
FDX,"FedEx Express","FEDEX"
FNK,"Feniks Airline","AURIKA"
FER,"Feria Aviación","FERIA"
HGK,"Fika Salaama Airlines","SALAAMA"
FNC,"Finalair Congo","FINALAIR CONGO"
FAK,"Financial Airxpress","FACTS"
FBF,"Fine Airlines","FINE AIR"
FTR,"Finist'air","FINISTAIR"
FIN,"Finnair","FINNAIR"
WBA,"Finncomm Airlines","WESTBIRD"
FNF,"Finnish Air Force","FINNFORCE"
FIH,"FinnHEMS","FINNHEMS"
FFM,"Firefly","FIREFLY"
FAB,"First Air","FIRST AIR"
JRF,"First Air Transport",""
FCC,"First Cambodia Airlines","FIRST CAMBODIA"
FCA,"Fly-Coop Air Service","COOPAIR"
MBL,"First City Air","FIRST CITY"
GGA,"First Flying Squadron","JAWJA"
FIR,"First Line Air","FIRSTLINE AIR"
FTS,"First Sabre","FIRST SABRE"
FFR,"Fischer Air","FISCHER"
FFP,"Fischer Air Polska","FLYING FISH"
EXV,"FitsAir","EXPOAVIA"
FSX,"Flagship Express Services","FLAG"
FLE,"Flair Airlines","FLAIR"
WAF,"Flamenco Airways","FLAMENCO"
FMR,"Flamingo Air","FLAMINGO AIR"
FLN,"Flamingo Air-Line","ILIAS"
FSH,"Flash Airlines","FLASH"
BWY,"Fleet Requirements Air Direction Unit","BROADWAY"
FLR,"Fleetair","FLEETAIR"
FXY,"Flexair","FLEXY"
FXT,"Flexflight",""
TUD,"Flight Alaska","TUNDRA"
FCK,"FCS Flight Calibration Services","NAV CHECKER"
VOR,"Flight Calibration Services Ltd.","FLIGHT CAL"
FCV,"Flight Centre Victoria","NAVAIR"
FCP,"Nelson Aviation College Ltd","FLIGHTCORP"
FDP,"Flight Dispatch Services",""
FLX,"Flight Express, Inc.","FLIGHT EXPRESS"
CFI,"Flight Inspection Center of the General Administration of Civil Aviation in China","CHINA JET"
LTS,"Flight Inspections and Systems","SPECAIR"
IVJ,"Flight International","INVADER JACK"
MIT,"Flight Line","MATCO"
FOI,"Flight Ops International",""
OPT,"Flight Options","OPTIONS"
CLB,"Flight Precision Limited","CALIBRATOR"
FSL,"Flight Safety Limited","FLIGHTSAFETY"
FSU,"Flight Support Sweden",""
CCK,"Flight Trac","CABLE CHECK"
AYR,"Flight Training Europe","CYGNET"
FWQ,"Flight West","UNITY"
KLO,"Flight-Ops International","KLONDIKE"
CSK,"Flightcraft","CASCADE"
FEX,"Flightexec","FLIGHTEXEC"
FLT,"Flightline","FLIGHTLINE"
FTL,"Flightline","FLIGHT-AVIA"
FPS,"Flightpass Limited","FLIGHTPASS"
FSR,"Flightstar Corporation","FLIGHTSTAR"
KDZ,"Flightworks","KUDZU"
FAZ,"Flint Aviation Services","FLINT AIR"
KWX,"Florida Aerocharter","KAY DUB"
OJY,"Florida Air","OHJAY"
FAS,"Florida Air Cargo","FLORIDA CARGO"
FCL,"Florida Coastal Airlines","FLORIDA COASTAL"
FFS,"Florida Department of Agriculture","FORESTRY"
TCF,"Florida Institute of Technology","TECH FLIGHT"
FJS,"Florida Jet Service","FLORIDAJET"
FWL,"Florida West International Airways","FLO WEST"
FFG,"Flugdienst Fehlhaber","WITCHCRAFT"
FLU,"Flugschule Basel","YELLOW FLYER"
EZB,"Flugschule Eichenberger","EICHENBURGER"
FWZ,"Flugwerkzeuge Aviation Software",""
VNX,"Fly Advance","VANCE"
FLM,"Fly Air","FLY WORLD"
EDR,"Fly All Ways","BIRDVIEW"
ACY,"Fly Arna","ARNA"
FCT,"Fly CI Limited","DEALER"
FEE,"Fly Europa Limited","FLY EURO"
FXL,"Fly Excellent","FLY EXCELLENT"
FGE,"Fly Georgia","GEORGIA WING"
NVJ,"Fly International Airways","NOUVINTER"
FJM,"Fly Jamaica Airways","GREENHEART"
FJL,"Fly Jinnah","Okaab"
FIL,"Fly Line","FLYLINE"
FLY,"Fly Me Sweden","FLYBIRD"
PVV,"Fly Pro","Sunday"
FRB,"Fly Rak","RAKWAY"
IAD,"Fly Wex","FLYWEX"
VAW,"Fly2Sky","SOFIA JET"
FYA,"Flyant","FLYANT"
XFA,"FlyAsianXpress","FAX AIR"
BBO,"Flybaboo","BABOO"
BEE,"Flybe","JERSEY"
FBZ,"Flybondi","BONDI"
FCE,"Flycolumbia","FLYCOLUMBIA"
FEG,"FlyEgypt","SKY EGYPT"
GVG,"Flygaktiebolaget Gota Vingar","BLUECRAFT"
GSM,"Flyglobespan","GLOBESPAN"
FPA,"Flygprestanda",""
TOR,"FlyGTA Airlines","HOMERUN"
ETS,"Flygtransporter I Nykoping","EXTRANS"
INU,"Flyguppdraget Backamo","INSTRUCTOR"
FYH,"Flyhy Cargo Airlines","FLY HIGH"
FCR,"Flying Carpet Company","FLYING CARPET"
FYG,"Flying Service","FLYING GROUP"
FGP,"Flying-Research Aerogeophysical Center","FLYING CENTER"
LIL,"FlyLal","LITHUANIA AIR"
FLK,"Flylink Express","FLYLINK"
KNE,"Flynas","NAS EXPRESS"
NDC,"FlyNordic","NORDIC"
FRE,"FlyPelican","PELICAN"
FOX,"Flyr","GREENSTAR"
FTM,"Flyteam Aviation","FLYTEAM"
FVK,"FlyViking","BALDER"
FMI,"FMI Air","FIRST MYANMAR"
FKS,"Focus Air","FOCUS"
FOP,"Fokker",""
NOF,"Fonnafly","FONNA"
FOB,"Ford Motor Company","FORDAIR"
FOS,"Formosa Airlines",""
FOR,"Formula One Management","FORMULA"
FHS,"Forth and Clyde Helicopter Services","HELISCOT"
FXC,"Fortunair Canada","AIR FUTURE"
FSA,"Foster Aviation","FOSTER-AIR"
JFY,"Foster Yeoman","YEOMAN"
FTE,"Fotografia F3","FOTOGRAFIA"
FIA,"FlyOne","FIA"
FIE,"FlyOne Armenia","ARMRIDER"
FSC,"Four Star Aviation / Four Star Cargo","FOUR STAR"
WDS,"Four Winds Aviation","WINDS"
FXR,"Foxair","WILDFOX"
FDO,"France Douanes","FRENCH CUSTOM"
FHY,"Freebird Airlines","FREEBIRD AIR"
FOM,"Freedom Air","FREE AIR"
FRE,"Freedom Air","FREEDOM"
FFF,"Freedom Air Services","INTER FREEDOM"
FRL,"Freedom Airlines","FREEDOM AIR"
FAS,"Freedom Airways","FREEDOM AIRWAYS"
FWC,"Freeway Air","FREEWAY"
FRG,"Freight Runners Express","FREIGHT RUNNERS"
FAF,"Force Aerienne Francaise","FRENCH AIR FORCE"
FMY,"Aviation Legere De L'Armee De Terre","FRENCH ARMY"
FNY,"France Marine Nationale","FRENCH NAVY"
FRR,"Fresh Air","FRESH AIR"
BZY,"Fresh Air Aviation","BREEZY"
FAE,"Freshaer","WILDGOOSE"
FAL,"Friendship Air Alaska","FRIENDSHIP"
FLF,"Friendship Airlines","FRIEND AIR"
FGY,"Froggy Corporate Aviation",""
FFT,"Frontier Airlines","FRONTIER FLIGHT"
ITR,"Frontier Commuter","OUT BACK"
FTA,"Frontier Flying Service","FRONTIER-AIR"
FNG,"Frontier Guard","FINNGUARD"
FUJ,"Fujairah Aviation Centre","FUJAIRAH"
CFJ,"Fujian Airlines","FUJIAN"
GAX,"Full Express","GRAND AIRE"
FAM,"Fumigación Aérea Andaluza","FAASA"
FFY,"Fun Flying Thai Air Service","FUN FLYING"
ROG,"FundaciÃ³ Rego","REGO"
FUN,"Funtshi Aviation Service","FUNTSHI"
FGL,"Futura Gael","Applewood"
FUA,"Futura International Airways","FUTURA"
FDB,"Flydubai","SKYDUBAI"
FWK,"Flightworks",""
ACT,"Flight Line","AMERICAN CHECK"
FRF,"Fleet Air International","FAIRFLEET"
FUM,"Fuxion Line Mexico","FUNLINE"
FWR,"FlightAware","FLIGHT AWARE"
GML,"G & L Aviation","GEEANDEL"
DBC,"Gemini Air Group","DIAMOND BACK"
GOP,"Gospa Air","GOSPA AIR"
HGT,"GMJ Air Shuttle","HIGHTECH"
GRE,"Greenlandcopter",""
GMQ,"Germania Express","CORGI"
KNM,"GB Helicopters","KINGDOM"
GCW,"Global Air Crew","GLOBALCREW"
GBH,"Global Avia Handling",""
GMR,"Golden Myanmar Airlines","GOLDEN MYANMAR"
EXH,"G5 Executive","BATMAN"
MTA,"GAK/Mitchell Aero","GAK AVIATION"
GGS,"GATSA","GATSA"
GBX,"GB Airlink","ISLAND TIGER"
GBL,"GB Airways","GEEBEE AIRWAYS"
GCS,"GCS Air Service","GALION"
FFU,"GEC Marconi Avionics","FERRANTI"
GCC,"GECAS","GECAS"
GEN,"GENSA","GENSA-BRASIL"
GET,"Get High","AIR FLOW"
GET,"GETRA","GETRA"
GFW,"GFW Aviation",""
GGT,"Trans Island Airways","THUNDERBALL"
GHI,"GH Stansted Limited",""
GMG,"GMG Airlines","GMG"
GPE,"GP Express Airlines","REGIONAL EXPRESS"
GPR,"GPM Aeroservicio","GPM AEROSERVICIO"
GIB,"GR-Avia","GRAVIA"
BMK,"GST Aero Aircompany","MURAT"
GTX,"GTA Air","BIG-DEE"
GAH,"Ga-Ma Helicoptere","GAMHELICO"
GBE,"Gabon Express","GABEX"
GRT,"Gabon-Air-Transport",""
GIG,"Gacela Air Cargo","GACELA AIR"
GFC,"Gail Force Express","GAIL FORCE"
GNJ,"Gain Jet Aviation","HERCULES JET"
SWF,"Galair International","GALAIR"
GLS,"Galaircervis","GALS"
GAL,"Galaxy Air","GALAXY"
GXY,"Galaxy Airlines","GALAX"
GAS,"Galena Air Service","GALENA AIR SERVICE"
GMA,"Gama Aviation","GAMA"
GCH,"Gama Aviation Switzerland","GAMA SWISS"
GNR,"Gambia International Airlines","GAMBIA INTERNATIONAL"
NML,"Gambia New Millennium Air","NEWMILL"
GMJ,"Gamisa Aviación","GAMISA"
GNF,"Gandalf Airlines","Gandalf"
GAN,"Gander Aviation","GANAIR"
GSA,"Garden State Airlines","GARDEN STATE"
AHM,"Garrison Aviation","AIR HURON"
GIA,"Garuda Indonesia","INDONESIA"
GHS,"Gatari Hutama Air Services","GATARI"
EGO,"Gauteng Air Cargo","GAUTENG"
GVN,"Gavina","GAVINA"
GZP,"Gazpromavia","GAZPROMAVIA"
GEE,"Geesair","GEESAIR"
GLX,"Gelix Airlines","RUSSIAN BIRD"
GCO,"Gemini Air Cargo","GEMINI"
GAB,"Gendall Air","GENDALL"
GDB,"Gendarmerie Belge","BELGIAN GENERMERIE"
FGN,"National Gendarmerie","FRANCE GENDARME"
SWK,"General Aerospace","SKYWALKER"
GWS,"General Airways","GENAIR"
GNZ,"General Aviation","GONZO"
GTH,"General Aviation Flying Services","GOTHAM"
XGA,"General Aviation Terminal",""
GMC,"General Motors","GENERAL MOTORS"
GNX,"Genex",""
GSL,"Geographic Air Surveys","SURVEY-CANADA"
TGZ,"Georgian Airways","TAMAZI"
FGA,"Georgian Aviation Federation","GEORGIA FED"
GGF,"Georgian Cargo Airlines Africa","GEORGIAN AFRICA"
GFG,"Georgian National Airlines","NATIONAL"
GAF,"German Air Force","GERMAN AIR FORCE"
GAM,"German Army","GERMAN ARMY"
GNY,"German Navy","GERMAN NAVY"
LGW,"Luftfahrtgesellschaft Walter","WALTER"
GER,"German Airways","GERMAN EAGLE"
GHY,"German Sky Airlines","GERMAN SKY"
GMI,"Germania","GERMANIA"
GWI,"Germanwings","GERMAN WINGS"
GDN,"Gerry's Dnata",""
GFD,"Gesellschaft Fur Flugzieldarstellung","KITE"
RIV,"APG Airlines","RIVERA"
GES,"Gestair","GESTAIR"
GTR,"Gestar","STAR GESTAR"
GJT,"Gestión Aérea Ejecutiva","BANJET"
GHT,"Ghadames Air Transport",""
GLP,"Globus Airlines","GLOBUS"
GHA,"Ghana Airways","GHANA"
GHB,"Ghana International Airlines","GHANA AIRLINES"
NTC,"Gibson Aviation","NIGHT CHASE"
RPS,"Global Air Charter","RESPONSE"
GAG,"Greybird Pilot Academy","GEEBIRD"
DMJ,"Global Air","DAMOJH"
GBS,"Global Air Services Nigeria","GLOBAL SERVE"
GLC,"Global Aircargo",""
BSP,"Global Airways (BSP)",""
GLB,"Global Airways (GLB)","GLO-AIR"
GBB,"Global Aviation Operations","GLOBE"
GAK,"Global Aviation and Services Group","AVIAGROUP"
GGZ,"Global Georgian Airways","GLOBAL GEORGIAN"
GLJ,"Global Jet Austria","GLOBAL JET AUSTRIA"
NSM,"Global Jet Corporation","THUNDERCLOUD"
SVW,"Global Jet Luxembourg","SILVER ARROWS"
GSK,"Global Sky Aircharter","GLOBAL SKY"
GSS,"Global Supply Systems","JET LIFT"
XGS,"Global System",""
XGW,"Global Weather Dynamics",""
GLW,"Global Wings",""
GJA,"Globe Jet",""
GAC,"GlobeAir","DREAM TEAM"
RLX,"Go2Sky","RELAX"
GOW,"GoAir","GOAIR"
GJS,"GoJet Airlines","LINDBERGH"
GGE,"Gobierno De Guinea Ecuatorial",""
GOF,"Gof-Air","GOF-AIR"
GOI,"Gofir","SWISS HAWK"
GLO,"Gol Transportes Aéreos","GOL TRANSPORTE"
GBT,"Gold Belt Air Transport","GOLD BELT"
GDA,"GoldAir","AIR PARTNER"
GDK,"Goldeck-Flug","GOLDECK FLUG"
GAO,"Golden Air","GOLDEN"
GDD,"Golden Airlines","GOLDEN AIRLINES"
GPA,"Golden Pacific Airlines","GOLDEN PAC"
GRS,"Golden Rule Airlines","GOLDEN RULE"
GLD,"Golden Star Air Cargo","GOLDEN STAR"
GOS,"Goldfields Air Services",""
GAQ,"Golfe Air Quebec","GOLFAIR"
GLE,"Goliaf Air","GOLIAF AIR"
GOM,"Gomel Airlines","GOMEL"
GON,"Gonini Air Services","GONINI"
RDR,"Goodridge (UK) Limited","RED STAR"
GOR,"Gorlitsa Airlines","GORLITSA"
HKG,"Government Flying Service","HONGKONG GOVERNMENT"
GRZ,"Government of Zambia Communications Flight","COM FLIGHT"
HLD,"Grampian Flight Centre","GRANITE"
GAV,"Granada Aviación","GRANAVI"
GAE,"Grand Aire Express","GRAND EXPRESS"
GND,"Grand Airways","GRAND VEGAS"
CVU,"Grand Canyon Airlines","CANYON VIEW"
GUN,"Grant Aviation","HOOT"
LMK,"Grantex Aviation","LANDMARK"
GRA,"Great American Airways","GREAT AMERICAN"
GRA,"Guardian Air Asset Management","FLEX"
GLA,"Great Lakes Airlines","LAKES AIR"
GLU,"Great Lakes Airways (Uganda)","LAKES CARGO"
GRP,"Great Plains Airlines","GREAT PLAINS"
GWL,"Great Wall Airlines","GREAT WALL"
GWA,"Great Western Air","G-W AIR"
HGB,"Greater Bay Airlines","GREATER BAY"
HNA,"Greek Navy","HELLENIC NAVY"
GFF,"Griffin Aviation","GRIFFIN AIR"
GXA,"Grixona","GRIXONA"
GZD,"Grizodubova Air Company","GRIZODUBOVA AIR"
HTG,"Grossmann Air Service","GROSSMANN"
GSJ,"Grossmann Jet Service","GROSSJET"
GHV,"Ground Handling Service de Mexico","GROUND HANDLING"
GPM,"Grup Air-Med","GRUPOMED"
EJC,"Grupo De Aviación Ejecutiva","GRUPOEJECUTIVA"
TAT,"Grupo TACA","TACA-COSTARICA"
VMM,"Grupo Vuelos Mediterraneo","VUELOS MED"
GMT,"Grupo Aéreo Monterrey","GRUPOMONTERREY"
GSY,"Guard Systems","GUARD AIR"
BSR,"Guine Bissaur Airlines","BISSAU AIRLINES"
GIJ,"Guinea Airways","GUINEA AIRWAYS"
GNC,"Guinea Cargo","GUINEA CARGO"
GIF,"Guinee Airlines","GUINEE AIRLINES"
GEA,"Guinea Ecuatorial Airlines","GEASA"
GIQ,"Guinee Paramount Airlines","GUIPAR"
CGH,"Guizhou Airlines","GUIZHOU"
GUS,"Guja","GUJA"
GUJ,"Gujarat Airways","GUJARATAIR"
TSU,"Gulf & Caribbean Cargo / Contract Air Cargo","TRANSAUTO"
GUF,"Gulf African Airlines","GULF AFRICAN"
GFA,"Gulf Air","GULF AIR"
GAT,"Gulf Air Inc","GULF TRANS"
GCN,"Gulf Central Airlines","GULF CENTRAL"
SFY,"Gulf Flite Center","SKY FLITE"
GPC,"Gulf Pearl Air Lines","AIR GULFPEARL"
GLF,"Gulfstream Aerospace","GULFSTREAM TEST"
GFS,"Gulfstream Airlines","GULFSTAR"
GFT,"Gulfstream International Airlines","GULF FLIGHT"
GUL,"Gull Air","GULL-AIR"
GUM,"Gum Air","GUM AIR"
GDH,"Guneydogu Havacilik Isletmesi","RISING SUN"
GWN,"Gwyn Aviation","GWYN"
ALX,"Hewa Bora Airways","ALLCONGO"
AHT,"HTA Helicopteros","HELIAPRA"
ETI,"H-Bird Aviation Services AB","JETHAWK"
HSN,"H.S.AVIATION CO., LTD.","H.S.AVIATION"
HAY,"Hamburg Airways","HAMBURG AIRWAYS"
HCK,"Heli-Charter","HELI-CHARTER"
HTB,"Helix-Craft Aviation","HELIX-CRAFT"
HAF,"Hellenic Air Force","HELLENIC AIR FORCE"
HRN,"Heron Luftfahrt","HERONAIR"
HYP,"Hyperion Aviation","HYPERION"
HFM,"Hi Fly Malta","MOONRAKER"
HOP,"Hop!","AIR HOP"
HLA,"HC Airlines","HEAVYLIFT"
HWD,"HPM Investments","FLITEWISE"
KTR,"HT Helikoptertransport","COPTER TRANS"
FMS,"Hadison Aviation","HADI"
HAG,"Hageland Aviation Services","HAGELAND"
POW,"Hagondale Limited","AIRNET"
HHN,"Hahn Air","ROOSTER"
CHH,"Hainan Airlines","HAINAN"
HLS,"Haiti Air Freight",""
HAM,"Haiti Ambassador Airlines",""
HTI,"Haiti International Air","HAITI INTERNATIONAL"
HRB,"Haiti International Airline","HAITI AIRLINE"
HNR,"Haiti National Airlines (HANA)","HANAIR"
HTN,"Haiti North Airline",""
HTC,"Haiti Trans Air","HAITI TRANSAIR"
HBC,"Haitian Aviation Line","HALISA"
HAJ,"Hajvairy Airlines","HAJVAIRY"
HKL,"Hak Air","HAK AIRLINE"
HLH,"Hala Air","HALA AIR"
HCV,"Halcyonair","CREOLE"
HHI,"Hamburg International","HAMBURG JET"
HJL,"Hamlin Jet","BIZJET"
HMM,"Hamra Air","HAMRA"
WVA,"Hand D Aviation","WABASH VALLEY"
HGR,"Hangar 8","HANG"
HGD,"Hangard Aviation","HANGARD"
HAN,"Hansung Airlines","HANSUNG AIR"
HLX,"Hapag-Lloyd Express","YELLOW CAB"
HLF,"Hapagfly","HAPAG LLOYD"
HAR,"Harbor Airlines","HARBOR"
HMY,"Harmony Airways","HARMONY"
NBR,"Haughey Air","NORBROOK"
PYN,"Haverfordwest Air Charter Services","POYSTON"
HAV,"Havilah Air Services","HAVILAH"
HAL,"Hawaiian Airlines","HAWAIIAN"
HKR,"Hawk Air","AIR HAW"
HMX,"Hawk De Mexico","HAWK MEXICO"
HKI,"Hawkaire","HAWKEYE"
HZL,"Hazelton Airlines","HAZELTON"
HVY,"Heavylift Cargo Airlines","HEAVY CARGO"
HVL,"Heavylift International","HEAVYLIFT INTERNATIONAL"
HBH,"Hebei Airlines","HEBEI AIR"
HDC,"Helcopteros De Cataluna","HELICATALUNA"
HCB,"Helenair (Barbados)","HELEN"
HCL,"Helenair Corporation","HELENCORP"
HHP,"Helenia Helicopter Service","HELENIA"
HLR,"Heli Air Services","HELI BULGARIA"
ALJ,"Heli Ambulance Team","ALPIN HELI"
HEB,"Heli Bernina","HELIBERNINA"
HFR,"Heli France","HELIFRANCE"
HYH,"Heli Hungary","HELIHUNGARY"
HLM,"Heli Medwest De Mexico","HELIMIDWEST"
HLI,"Heli Securite","HELI SAINT-TROPEZ"
HTP,"Heli Trip","HELI TRIP"
HLU,"Heli Union Heli Prestations","HELI UNION"
MCM,"Heli-Air-Monaco","HELI AIR"
HHE,"Heli-Holland","HELI HOLLAND"
HRA,"Heli-Iberica","ERICA"
HIF,"Heli-Iberica Fotogrametria","HIFSA"
HIG,"Heli-Inter Guyane","INTER GUYANNE"
HLK,"Heli-Link","HELI-LINK"
HMC,"Heliamerica De Mexico","HELIAMERICA"
HEA,"Heliavia-Transporte Aéreo","HELIAVIA"
CDY,"Heliaviation Limited","CADDY"
HIB,"Helibravo Aviacao","HELIBRAVO"
HLC,"Helicap","HELICAP"
COV,"Helicentre Coventry","HELICENTRE"
HEL,"Helicol","HELICOL"
HCP,"Helicopter","HELI CZECH"
JKY,"Helicopter & Aviation Services","JOCKEY"
MVK,"Helicopter Training & Hire","MAVRIK"
HAP,"Helicopteros Aero Personal","HELIPERSONAL"
HAA,"Helicopteros Agroforestal","AGROFORESTAL"
HNT,"Helicopteros Internacionales","HELICOP INTER"
HEN,"Helicópteros Y Vehículos Nacionales Aéreos","HELINAC"
HHH,"Helicsa","HELICSA"
JBA,"Helijet","HELIJET"
HDR,"Helikopterdrift","HELIDRIFT"
SCO,"Helikopterservice Euro Air","SWEDCOPTER"
OCE,"Heliocean","HELIOCEAN"
HCY,"Helios Airways","HELIOS"
HLP,"Helipistas","HELIPISTAS"
HPL,"Heliportugal","HELIPORTUGAL"
HEC,"Heliservicio Campeche","HELICAMPECHE"
HSU,"Helisul","HELIS"
HSI,"Heliswiss","HELISWISS"
HLT,"Helitafe","HELITAFE"
HIT,"Helitalia","HELITALIA"
OFA,"Helitaxi Ofavi","OFAVI"
HLT,"Helitours","HELITOURS"
HTA,"Helitrans","SCANBIRD"
HTS,"Helitrans Air Service","HELITRANS"
HLW,"Heliworks","HELIWORKS"
HEJ,"Hellas Jet","HELLAS JET"
FHE,"Hello","FLYHELLO"
HLG,"Helog","HELOG"
OAW,"Helvetic Airways","HELVETIC"
HMS,"Hemus Air","HEMUS AIR"
HAC,"Henebury Aviation",""
SSH,"Heritage Flight (Valley Air Services)","SNOWSHOE"
MRX,"Herman's Markair Express","SPEEDMARK"
HED,"Heritage Aviation Developments","FLAPJACK"
HER,"Hex'Air","HEX AIRLINE"
HHS,"Hi-Jet Helicopter Services","HIJET"
HFY,"Hi Fly","SKY FLYER"
HLB,"High-Line Airways","HIGH-LINE"
HWY,"Highland Airways","HIWAY"
HIM,"Himalaya Airlines","HIMALAYA"
HYM,"HiSky","SKY MOLDOVA"
HYS,"HiSky Europe","SKY EUROPE"
HSH,"Hispánica de Aviación","HASA"
HIS,"Hispaniola Airways","HISPANIOLA"
VMS,"His Majesty King Maha Vajiralongkorn","VICTOR MIKE"
HGA,"Hogan Air","HOGAN AIR"
NTH,"Hokkaido Air System","NORTH AIR"
ABH,"Hokuriki-Koukuu Company",""
HOA,"Hola Airlines","HOLA"
HIN,"Holding International Group","HOLDING GROUP"
HOL,"Holiday Airlines (US Airline)","HOLIDAY"
HCC,"Holidays Czech Airlines","CZECH HOLIDAYS"
HTR,"Holstenair Lubeck","HOLSTEN"
HMV,"Homac Aviation","HOMAC"
HAS,"Honduras Airlines","HONDURAS AIR"
CRK,"Hong Kong Airlines","BAUHINIA"
HKC,"Hong Kong Air Cargo","MASCOT"
HKE,"Hong Kong Express Airways","HONGKONG SHUTTLE"
HTU,"Hongtu Airlines","HONGLAND"
HEX,"Honiara Cargo Express","HONIARA CARGO"
HPJ,"Hop-A-Jet","HOPA-JET"
QXE,"Horizon Air","HORIZON AIR"
KOK,"Horizon Air Service","KOKO"
HSM,"Horizon Air for Transport and Training","ALOFUKAIR"
HOR,"Horizon Air-Taxi","HORIZON"
HZA,"Horizon Airlines","HORIZON"
HPS,"Horizon Plus","HORIZON PLUS"
HUD,"Horizons Unlimited","HUD"
HOZ,"Horizontes Aéreos","HORIZONTES AEREOS"
HDI,"Hoteles Dinamicos","DINAMICOS"
HHO,"Houston Helicopters","HOUSTON HELI"
GGV,"Houston Jet Services","GREGG AIR"
OZU,"Hozu-Avia","HOZAVIA"
HUB,"Hub Airlines","HUB"
HUS,"Huessler Air Service","HUESSLER"
GMH,"Hughes Aircraft Company","HUGHES EXPRESS"
USW,"HumoAir","AKSAR"
HUV,"Hunair Hungarian Airlines","SILVER EAGLE"
HUF,"Hungarian Air Force","HUNGARIAN AIRFORCE"
UBD,"FlyErbil","HAWLER"
HYA,"Hyack Air","HYACK"
HYC,"Hydro Air Flight Operations","HYDRO CARGO"
HYD,"Hydro-Québec","HYDRO"
HKB,"Hawker Beechcraft","CLASSIC"
MML,"Hunnu Air","TRANS MONGOLIA"
RPX,"HD Air Ltd","RAPEX"
SRD,"HM Coastguard","COASTGUARD"
SRG,"HM Coastguard","RESCUE"
WHR,"Hummingbird Helicopter Service","WHIRLEYBIRD"
HFA,"Air Haifa","AIR HAIFA"
EXP,"Island Air Express","ISLAND EXPRESS"
IWL,"Island Wings",""
KAR,"Ikar","IKAR"
ICN,"Iconair",""
IAC,"|INTERCHARTER","Romania"
ITC,"International Air Carrier Association",""
IDG,"IDG Technology Air","INDIGO"
IFL,"IFL Group","EIFEL"
RDE,"II Lione Alato Arl","FLIGHT RED"
IJM,"IJM International Jet Management","JET MANAGEMENT"
IKK,"IKI International Airlines","IKIAIR"
IKN,"IKON FTO","IKON"
BLU,"IMP Aviation Services","BLUENOSE"
XGG,"IMP Group Aviation Services",""
IPA,"IPEC Aviation","IPEC"
IPM,"IPM Europe","SHIPEX"
LVB,"IRS Airlines","SILVERBIRD"
ISD,"ISD Avia","ISDAVIA"
FDF,"IVV Femida",""
IBE,"Iberia Airlines","IBERIA"
CSQ,"IBC Airways","CHASQUI"
IBS,"Iberia Express","IBEREXPRESS"
IBR,"Ibertour Servicios Aéreos","IBERTOUR"
IBT,"Ibertrans Aérea","IBERTRANS"
IWD,"Iberworld","IBERWORLD"
IBX,"Ibex Airlines","IBEX"
IBC,"Ibicenca Air","IBICENCA"
AKI,"Ibk-Petra","&nbsp;"
IBL,"IBL Aviation","CATOVAIR"
BBL,"IBM Euroflight Operations","BLUE"
YYY,"ICAO",""
IPR,"Independent Carrier (ICAR)","ICAR"
ICA,"Icaro","ICARFLY"
ICD,"Icaro Air","ICARO"
IUS,"Icarus","ICARUS"
CIC,"ICC Canada","AIR TRADER"
ICJ,"Icejet","ICEJET"
ICE,"Icelandair","ICEAIR"
ICG,"Icelandic Coast Guard","ICELAND COAST"
RAC,"Icar Air","TUZLA AIR"
FRC,"Icare Franche Compte","FRANCHE COMPTE"
IFM,"Ifly","ICOPTER"
IKR,"Ikaros DK","IKAROS"
CIO,"Il Ciocco International Travel Service","CIOCCO"
ILV,"Il-Avia","ILAVIA"
IDL,"Ildefonso Redriguez","ILDEFONSO"
IAR,"Iliamna Air Taxi","ILIAMNA AIR"
ILP,"Ilpo Aruba Cargo",""
ILL,"Ilyich-Avia","ILYICHAVIA"
IMR,"Imaer","IMAER"
ITX,"Imair Airlines","IMPROTEX"
PNX,"Imperial Airways","PHOENIX"
IMG,"Imperial Cargo Airlines","IMPERIAL AIRLINES"
IMT,"Imtrec Aviation","IMTREC"
IDE,"Independence Air","INDEPENDENCE AIR"
IDP,"Independent Air Freighters","INDEPENDENT"
IOA,"IndiaOne Air","INDIA FIRST"
IGO,"IndiGo","IFLY"
IIL,"India International Airways","INDIA INTER"
IFC,"Indian Air Force","INDIAN AIRFORCE"
IAC,"Indian Airlines","INDAIR"
IDR,"Indicator Company","INDICATOR"
IBU,"Indigo Airlines","INDIGO BLUE"
AXC,"Indochina Airlines","AIRSPUP"
IDA,"Indonesia Air Transport","INTRA"
AWQ,"Indonesia AirAsia","WAGON AIR"
IAA,"Indonesian Airlines","INDO LINES"
IPN,"Industri Pesawat Terbang Nusantara","NUSANTARA"
ITN,"Industrias Titan","TITANLUX"
FFI,"Infinit Air","INFINIT"
INS,"Inflite The Jet Centre",""
IVA,"Innotech Aviation","INNOTECH"
INC,"Insel Air International","INSELAIR"
ICC,"Institut Cartogràfic de Catalunya","CARTO"
INT,"Intair","INTAIRCO"
INL,"Intal Avia","INTAL AVIA"
FFL,"Intavia Limited",""
XRA,"Intensive Air","INTENSIVE"
ITW,"Inter Air","INTER WINGS"
INX,"Inter Express","INTER-EURO"
IIC,"Inter Island Air Charter",""
IIN,"Inter Island Airways",""
CAR,"Inter RCA","QUEBEC ROMEO"
NTT,"Inter Tropic Airlines","INTER-TROPIC"
TCU,"Inter Tropical Aviation","TROPAIR"
ITA,"Inter-Air","CAFEX"
ICN,"Inter-Canadian","INTER-CANADIAN"
UGL,"Inter-Island Air","UGLY VAN"
IMA,"Inter-Mountain Airways","INTER-MOUNTAIN"
ITS,"Inter-State Aviation","INTER-STATE"
ILN,"Interair South Africa","INLINE"
NTE,"Interaire","INTERMEX"
SUW,"Interavia Airlines","ASTAIR"
IVT,"Interaviatrans","INTERAVIA"
IWY,"InterCaribbean Airways","ISLANDWAYS"
ICT,"Intercontinental de Aviación","CONTAVIA"
ICP,"Intercopters","CHOPER"
IFT,"Interflight","INTERFLIGHT"
IJT,"Interflight (Learjet)",""
RFL,"Interfly","INFLY"
IFF,"Interfreight Forwarding","INTERFREIGHT"
IGN,"Interguide Air","DIVINE AIR"
ISN,"Interisland Airlines","TRI-BIRD"
IWY,"Interisland Airways]","ISLANDWAYS"
AIJ,"Interjet","ABC AEROLINEAS"
IHE,"Interjet Helicopters","INTERCOPTER"
IJW,"Interjet Inc.","JET WEST"
ITK,"Interlink Airlines","INTERLINK"
IAK,"International Air Cargo Corporation","AIR CARGO EGYPT"
EXX,"International Air Corporation","EXPRESS INTERNATIONAL"
IAX,"International Air Services","INTERAIR SERVICES"
IBY,"International Business Aircraft","CENTRAL STAGE"
ICS,"International Charter Services","INTERSERVI"
ICX,"International Charter Xpress","INTEX"
RED,"International Committee of the Red Cross","RED CROSS"
IIG,"International Company for Transport, Trade and Public Works","ALDAWLYH AIR"
IFX,"International Flight Training Academy","IFTA"
IJA,"International Jet Aviation Services","I-JET"
HSP,"International Jet Charter","HOSPITAL"
THN,"International Security Assistance Force","ATHENA"
RSQ,"International SOS Windhoek","SKYMEDIC"
ISF,"International Stabilisation Assistance Force",""
ITH,"International Trans-Air","INTRANS NIGERIA"
IPT,"Interport Corporation","INTERPORT"
IKY,"Intersky Bulgary","GENERAL SKY"
ISK,"Intersky","INTERSKY"
FWA,"Interstate Airlines","FREEWAYAIR"
ITU,"Intervuelos","INTERLOS"
INV,"Inversija","INVER"
IND,"Iona National Airways","IONA"
IOA,"Iowa Airways","IOWA AIR"
IRA,"Iran Air","IRANAIR"
IRC,"Iran Aseman Airlines","ASEMAN"
IRB,"Iran Airtour","AIRTOUR"
IRG,"Iranian Naft Airlines","NAFT"
IAW,"Iraqi Airways","IRAQI"
BIS,"Irbis Air","IRBIS"
IRL,"Irish Air Corps","IRISH"
RDK,"Irish Air Transport","IRISH TRANS"
XMR,"Irish Aviation Authority","AUTHORITY"
MZA,"Irtysh Air","IRTYSH AIRLINES"
KCE,"Irving Oil","KACEY"
ISI,"Island Air","ISLANDMEX"
ILF,"Island Air Charters","ISLAND FLIGHT"
XYZ,"Island Air Express","RAINBIRD"
ISA,"Island Airlines",""
SOY,"Island Aviation","SORIANO"
DQA,"Island Aviation Services",""
IOM,"Island Aviation and Travel","ISLE AVIA"
SDY,"Island Express","SANDY ISLE"
MTP,"Island Helicopters","METROCOPTER"
ILC,"ILAS Air",""
IAJ,"Islandair Jersey","JARLAND"
ICB,"Icebird Airline","ICEBIRD"
ISW,"Islas Airways","PINTADERA"
IGS,"Isle Grande Flying School","ISLA GRANDE"
ISV,"Islena De Inversiones",""
IOS,"Isles of Scilly Skybus","SCILLONIA"
IAI,"Israel Aircraft Industries","ISRAEL AIRCRAFT"
IAF,"Israeli Air Force",""
ISR,"Israir","ISRAIR"
IST,"Istanbul Airlines","ISTANBUL"
ITY,"ITA Airways","ITARROW"
ACL,"Itali Airlines","SPADA"
IAM,"Italian Air Force","ITALIAN AIRFORCE"
IEI,"Italian Army","ITALIAN ARMY"
GCI,"Italian Coast Guard","ITALIAN COAST GUARD"
MMI,"Italian Navy","ITALIAN NAVY"
IFS,"Italy First","RIVIERA"
IKA,"Itek Air","ITEK-AIR"
IVS,"Ivoire Aero Services","IVOIRE AERO"
IVW,"Ivoire Airways","IVOIRAIRWAYS"
IJE,"Ivoire Jet Express","IVOIRE JET"
OIC,"Iwamoto Crane Co Ltd",""
IXR,"Ixair","X-BIRD"
IZM,"Izair","IZMIR"
IZA,"Izhavia","IZHAVIA"
JGJ,"Jinggong Jet","GLOBAL JINGGONG"
JNY,"Journey Aviation","ROCKBAND"
JKR,"Justice Air Charter","JOKER"
JWD,"Jayawijaya Dirgantara",""
JCB,"JCB (heavy equipment manufacturer)","JAYSEEBEE"
RFX,"J P Hunt Air Carriers","REFLEX"
JEX,"JAL Express","JANEX"
JAZ,"JALways","JALWAYS"
JDA,"JDAviation","JAY DEE"
JDP,"JDP Lux","RED PELICAN"
JHM,"JHM Cargo Expreso",""
TQM,"JM Family Aviation","TACOMA"
JMC,"JMC Airlines","JAYEMMSEE"
JSJ,"JS Air","JS CHARTER"
JES,"JS Aviation","JAY-ESS AVIATION"
JCK,"Jackson Air Services","JACKSON"
JAE,"Jade Cargo International","JADE CARGO"
JAW,"Jamahiriya Airways","JAW"
JMB,"Jambo Africa Airlines","JAMBOAFRICA"
WWW,"Janet","JANET"
FJX,"Jet Sky Cargo and Air Charter",""
JAK,"Jana-Arka","YANZAR"
JAX,"Janair","JANAIR"
JAC,"Japan Air Commuter","COMMUTER"
JSV,"Japan Aircraft Service",""
JAL,"Japan Airlines","JAPANAIR"
JFL,"Japan Airlines Domestic","J-BIRD"
JAA,"Japan Asia Airways","ASIA"
JTA,"Japan Transocean Air","JAI OCEAN"
JAT,"JetSmart","ROCKSMART"
JAP,"JetSMART Perú","RED SMART"
JES,"JetSMART Argentina","SMARTBIRD"
JAT,"Jat Airways","JAT"
JTY,"Jatayu Airlines","JATAYU"
JZR,"Jazeera Airways","JAZEERA"
JJA,"Jeju Air","JEJU AIR"
JNY,"Jenney Beechcraft","JENAIR"
XLD,"Jeppesen Data Plan",""
JPN,"Jeppesen UK","JETPLAN"
JEA,"OLT Express","JETA"
JSI,"Jet Air Group","SISTEMA"
JAI,"Jet Airways","JET AIRWAYS"
JTX,"Jet Aspen Air Lines","JET ASPEN"
PJS,"Jet Aviation","JETAVIATION"
BZF,"Jet Aviation Business Jets","BIZFLEET"
JAS,"Jet Aviation Flight Services","JET SETTER"
JCF,"Jet Center Flight Training","JET CENTER"
JCT,"Jet Charter","JET CHARTER"
JCX,"Jet Connection","JET CONNECT"
DWW,"Jet Courier Service","DON JUAN"
JED,"Jet East International","JET EAST"
JEI,"Jet Executive International Charter","JET EXECUTIVE"
RZA,"Jet Fighter Flights","RAZOR"
CFT,"Jet Freighters","CASPER FREIGHT"
JGD,"Jet G&D Aviation","JET GEE-AND-DEE"
MJL,"Jet Line International","MOLDJET"
JEK,"Jet Link","JET OPS"
HTL,"Jet Linx Aviation","HEARTLAND"
JTL,"Jet Linx Aviation","JET LINX"
JNR,"Jet Norte","JET NORTE"
JRN,"Jet Rent","JET RENT"
JDI,"Jet Story","JEDI"
JSA,"Jetstar Asia","JETSTAR ASIA"
JSM,"Jet Stream","JET STREAM"
VTB,"Jet Stream Charter KFT.","SUXAIR"
JSS,"Jet Stream International",""
JTF,"Jet Time","JETFIN"
JTC,"Jet Trans Aviation","JETRANS"
JTT,"Jet-2000","MOSCOW JET"
OPS,"Jet-Ops","OPS-JET"
JSH,"Jet-stream","STREAM AIR"
EXS,"Jet2.com","CHANNEX"
JFU,"Jet4You","ARGAN"
OSW,"JetAfrica Eswatini","BEVO"
JBU,"JetBlue Airways","JETBLUE"
JMG,"JetMagic","JET MAGIC"
JMK,"Jetmagic",""
JAA,"Jet Asia Airways","JET ASIA"
JAF,"Jetairfly","BEAUTY"
JTL,"Jetall Holdings","FIREFLY"
JAG,"Jetalliance","JETALLIANCE"
JCS,"Jetclub","JETCLUB"
QNZ,"Jetconnect","QANTAS JETCONNECT"
UEJ,"Jetcorp","JETCORP"
JCC,"Jetcraft Aviation","JETCRAFT"
JXA,"Jetex Aviation",""
JEF,"Jetflite","JETFLITE"
JFL,"Jetfly Airlines","LINEFLYER"
JFA,"Jetfly Aviation","MOSQUITO"
JIC,"Jetgo International","JIC-JET"
JLX,"Jetlink Express","KEN JET"
JLH,"Jetlink Holland",""
JNL,"JetNetherlands","JETNETHERLANDS"
JNV,"Jetnova de Aviación Ejecutiva","JETNOVA"
JPO,"Jetpro","JETPRO"
MDJ,"Jetran Air","JETRAN AIR"
JRI,"Jetrider International","JETRIDER"
JEJ,"Jets Ejecutivos","MEXJETS"
JEP,"Jets Personales","JET PERSONALES"
JSE,"Jets Y Servicios Ejecutivos","SERVIJETS"
JGO,"JetsGo","JETSGO"
JST,"Jetstar","JETSTAR"
JJP,"Jetstar Japan","ORANGE LINER"
JKT,"Jetstar Hong Kong","KAITAK"
JXT,"Jetstream Executive Travel","VANNIN"
RSP,"JetSuite","REDSTRIPE"
JPQ,"Jett Paqueteria","JETT PAQUETERIA"
JEC,"Jett8 Airlines Cargo","TAIPAN"
JTD,"Jettime","JETTIME"
JTN,"Jet Test Intl.","JET TEST"
JWY,"Jetways of Iowa","JETWAYS"
JXX,"JetX Airlines","JETBIRD"
JIB,"Jibair","JIBAIRLINE"
JSW,"Jigsaw Project","JIGSAW"
HKN,"Jim Hankins Air Service","HANKINS"
RAS,"Jim Ratliff Air Service","SHANHIL"
JNA,"Jin Air","JIN AIR"
JDG,"Joanas Avialinijos","LADYBLUE"
JBR,"Job Air","JOBAIR"
JHN,"Johnson Air","AIR JOHNSON"
JON,"Johnsons Air","JOHNSONSAIR"
JMJ,"Johnston Airways","JOHNSTON"
JMM,"Joint Military Commission","JOICOMAR"
JMT,"Jomartaxi Aereo","JOMARTAXI"
ODI,"Jonsson, H Air Taxi","ODINN"
JAV,"Jordan Aviation","JORDAN AVIATION"
JCI,"Jordan International Air Cargo",""
JVK,"Jorvik","ISLANDIC"
ENZ,"Jota Aviation","ENZO"
JNJ,"Journey Jet","JOURNEY JET"
JSX,"JSX (airline)","BIGSTRIPE"
JUR,"Ju-Air","JUNKERS"
JFS,"Juanda Flying School","JAEMCO"
JUC,"Juba Cargo Services & Aviation Company","JUBA CARGO"
JUB,"Jubba Airways","JUBBA"
DKE,"Jubilee Airways","DUKE"
DKH,"Juneyao Airlines","AIR JUNEYAO"
JSY,"Jung Sky",""
MEY,"Justair Scandinavia","MELODY"
DOJ,"Justice Prisoner Air Transportation System","JUSTICE"
JIA,"PSA Airlines","BLUE STREAK"
KTA,"K2 Airways",""
KSA,"K S Avia","SKY CAMEL"
KCR,"Kolob Canyons Air Services","KOLOB"
KHK,"Kharkiv Airlines","SUNRAY"
KGZ,"Kyrgyz Airlines","BERMET"
KDC,"K D Air Corporation","KAY DEE"
KMI,"K-Mile Air","KAY-MILE AIR"
KLS,"Kalstar Aviation","KALSTAR"
KNI,"KD Avia","KALININGRAD AIR"
KLC,"KLM Cityhopper","CITY"
KLH,"KLM Helicopter","KLM HELI"
KLM,"KLM","KLM"
QNK,"Kabo Air","KABO"
KMC,"Kahama Mining Corporation","KAHAMA"
KAI,"KaiserAir","KAISER"
CKS,"Kalitta Air","CONNIE"
KFS,"Kalitta Charters","KALITTA"
KII,"Kalitta Charters II","DRAGSTER"
KES,"Kallat El Saker Air Company","KALLAT EL SKER"
KMF,"Kam Air","KAMGAR"
KMP,"Kampuchea Airlines","KAMPUCHEA"
KIZ,"Kanaf-Arkia Airlines",""
KHE,"Kanfey Ha'emek Aviation","KANFEY HAEMEK"
KSU,"Kansas State University","K-STATE"
AKT,"Karat","AVIAKARAT"
KRB,"Karibu Airways Company","KARIBU AIR"
KLG,"Karlog Air Charter","KARLOG"
KAJ,"Karthago Airlines","KARTHAGO"
KAE,"Kartika Airlines","KARTIKA"
KTV,"Kata Transportation","KATAVIA"
KTK,"Katekavia","KATEKAVIA"
KAT,"Kato Airline","KATO-AIR"
MVD,"Kavminvodyavia","AIR MINVODY"
XKA,"Kavouras Inc",""
KRN,"Kaz Agros Avia","ANTOL"
KAW,"Kaz Air West","KAZWEST"
KAO,"Kazan Aviation Production Association","KAZAVAIA"
KPH,"Kazan Helicopters","KAMA"
KKA,"Kazavia","KAKAIR"
KZS,"Kazaviaspas","SPAKAZ"
KCH,"KC International Airlines","CAM AIR"
JFK,"Keenair Charter -","KEENAIR"
KLX,"Kelix Air","KELIX"
FKL,"Kelner Airways","KELNER"
KFA,"Kelowna Flightcraft Air Charter","FLIGHTCRAFT"
KDA,"Kendell Airlines","KENDELL"
KEN,"Kenmore Air","KENMORE"
KBA,"Kenn Borek Air","BOREK AIR"
KAH,"Kent Aviation","DEKAIR"
KQA,"Kenya Airways","KENYA"
KVS,"Kevis","KEVIS"
KEY,"Key Airlines","KEY AIR"
LYM,"Key Lime Air","KEY LIME"
FTP,"Keystone Aerial Surveys","FOOTPRINT"
KEE,"Keystone Air Service","KEYSTONE"
KZW,"Khalifa Airways","KHALIFA AIR"
WKH,"Kharkov Aircraft Manufacturing Company","WEST-KHARKOV"
KHR,"Khazar","KHAZAR"
KHP,"Khoezestan Photros Air Lines","PHOTROS AIR"
KRV,"Khoriv-Avia","KHORIV-AVIA"
KHO,"Khors Aircompany","AIRCOMPANY KHORS"
KHY,"Khyber Afghan Airlines","KHYBER"
UAK,"Kiev Aviation Plant","AVIATION PLANT"
KNG,"King Aviation","KING"
BEZ,"Kingfisher Air Services","SEA BREEZE"
KFR,"Kingfisher Airlines","KINGFISHER"
KNX,"Knighthawk Air Express","KNIGHT FLIGHT"
KAS,"Kingston Air Services","KINGSTON AIR"
KIP,"Kinnarps","KINNARPS"
KNS,"Kinshasa Airways","KINSHASA AIRWAYS"
KTA,"Kirov Air Enterprise","VYATKA-AVIA"
KHA,"Kitty Hawk Aircargo","AIR KITTYHAWK"
KHC,"Kitty Hawk Airways","CARGO HAWK"
KIA,"Kiwi International Air Lines","KIWI AIR"
KRA,"Kiwi Regional Airlines","REGIONAL"
KNA,"Kunming Airlines","KUNMING AIR"
KHX,"Knighthawk Express","RIZZ"
KGT,"Knights Airlines","KNIGHT-LINER"
KOA,"Koanda Avacion","KOANDA"
OYE,"Koda International","KODA AIR"
KGL,"Kogalymavia Air Company","KOGALYM"
KOM,"Kom Activity","COMJET"
KMA,"Komiaviatrans State Air Enterprise","KOMI AVIA"
KMV,"Komiinteravia","KOMIINTER"
KNM,"Komsomolsk-on-Amur Air Enterprise","KNAAPO"
KOB,"Koob-Corp - 96 KFT","AUTOFLEX"
KAL,"Korean Air","KOREANAIR"
KMG,"Kosmas Air","KOSMAS CARGO"
KSM,"Kosmos","KOSMOS"
KOS,"Kosova Airlines","KOSOVA"
WOK,"Kovar Air","WOKAIR"
KJC,"Krasnojarsky Airlines","KRASNOJARSKY AIR"
KFC,"Kremenchuk Flight College","KREMENCHUK"
KRG,"Krimaviamontag","AVIAMONTAG"
KRO,"Kroonk Air Agency","KROONK"
KRI,"Krylo Airlines","Krylo"
KYM,"Krym","CRIMEA AIR"
OPC,"Krystel Air Charter","OPTIC"
KIL,"Kuban Airlines","AIR KUBAN"
KPA,"Kunpeng Airlines","KUNPENG"
KZA,"Kurzemes Avio",""
KBV,"Kustbevakningen","SWECOAST"
KAC,"Kuwait Airways","KUWAITI"
KZU,"Kuzu Airlines Cargo","KUZU CARGO"
QVR,"Kvadro Aero","PEGASO"
KWN,"Kwena Air","KWENA"
KTC,"Kyrgyz Trans Avia","DINARA"
LYN,"Kyrgyzstan","ALTYN AVIA"
KGA,"Kyrgyzstan Airlines","KYRGYZ"
DAM,"Kyrgyzstan Department of Aviation","FLIGHT RESCUE"
KGB,"Kyrgz General Aviation","KEMIN"
KEW,"Keewatin Air","BLIZZARD"
AOE,"Livingstone Executive","LIVINGSTONE AIR"
LZF,"Lease Fly","SKYLEASE"
LHB,"Liebherr Geschaeftreiseflugzeug","FAMILY"
LLD,"Lloyd Aviation",""
LGA,"Logistic Air","LOGAIR"
LGC,"Legacy Air","LEGACY AIR"
LTY,"Liberty Air","SKYDECK"
LWL,"Lowlevel","CUB DRIVER"
LAX,"Laminar Air",""
LWA,"Libyan Wings","LIBYAN WINGS"
LCT,"TAR Aerolineas","TAR"
LAH,"L A Helicopter","STAR SHIP"
LJY,"L J Aviation","ELJAY"
LRB,"L R Airlines","LADY RACINE"
PHO,"L&L Flygbildteknik","PHOTOFLIGHT"
LEX,"L'Express Airlines","LEX"
FNT,"L-3 Communications Flight International Aviation","FLIGHT INTERNATIONAL"
LAB,"L.A.B. Flying Service","LAB"
LRC,"LACSA","LACSA"
LDE,"LADE - Líneas Aéreas Del Estado","LADE"
BNX,"LAI - Línea Aérea IAACA","AIR BARINAS"
LNC,"LAN Dominicana","LANCANA"
DSM,"LATAM Argentina","LAN AR"
TAM,"LATAM Brasil","TAM"
LCO,"LATAM Cargo Chile","LAN CARGO"
LAN,"LATAM Chile","LAN CHILE"
ARE,"LATAM Colombia","LAN COLOMBIA"
LNE,"LATAM Airlines Ecuador","AEROLANE"
LXP,"LATAM Express","LANEX"
LAP,"LATAM Paraguay","PARAGUAYA"
LPE,"LATAM Peru","LANPERU"
LSA,"LANSA","INTERNACIONAL"
APT,"LAP Colombia - Líneas Aéreas Petroleras, S.A.","LAP"
LCB,"LC Busre","BUSRE"
LOT,"LOT Polish Airlines","POLLOT"
JKA,"LeTourneau University","JACKET"
LTE,"LTE International Airways","FUN JET"
LTO,"LTU Austria","BILLA TRANSPORT"
LTU,"LTU International","LTU"
JFC,"LTV Jet Fleet Corporation","JET-FLEET"
LUK,"LUKoil-Avia","LUKOIL"
ASK,"La Ronge Aviation Services","AIR SASK"
LVT,"La Valenciana Taxi Aéreo","TAXIVALENCIANA"
SKQ,"Labcorp","SKYLAB"
LAL,"Labrador Airways","LAB AIR"
JEV,"Lagun Air",""
HCA,"Lake Havasu Air Service","HAVASU"
LKL,"Lakeland Aviation","LAKELAND"
LKR,"Laker Airways","LAKER"
LBH,"Laker Airways (Bahamas)","LAKER BAHAMAS"
LMR,"Lamra","LAMAIR"
TCR,"Lanaes Aereas Trans Costa Rica","TICOS"
ISL,"Landsflug","ISLANDIA"
PAP,"Langtry Flying Group","PROFLIGHT"
LKN,"Lankair","Lankair"
RLN,"Lankan Cargo","AERO LANKA"
LZA,"Lanza Air","AEROLANZA"
LZT,"Lanzarote Aerocargo","BARAKA"
LAO,"Lao Airlines","LAO"
LKA,"Lao Central Airlines","NAKLAO"
LLL,"Lao Skyway","LAVIE"
LXW,"Lanexang Airways International","LANEXANG"
LPN,"Laoag International Airlines","LAOAG AIR"
LRD,"Laredo Air","LAREDO AIR"
OTN,"LASTP","LASTP"
LTC,"LatCharter","LATCHARTER"
LAF,"Latvian Air Force","LATVIAN AIRFORCE"
LDA,"Lauda Air","LAUDA AIR"
LDM,"LaudaMotion","LAUDA MOTION"
LDI,"Lauda Air Italy","LAUDA ITALY"
LEP,"Laughlin Express","LAUGHLIN EXPRESS"
LSU,"Laus","LAUS AIR"
LAR,"Lawrence Aviation","LAWRENCE"
LAY,"Layang-Layang Aerospace","LAYANG"
LPL,"Lease-a-Plane International","LEASE-A-PLANE"
LAQ,"Lebanese Air Transport","LAT"
LAT,"Lebanese Air Transport (charter)","LEBANESE AIR"
LAD,"Lebanon Airport Development Corporation","LADCO-AIR"
LEB,"Lebap","LEBAP"
LCA,"Leconte Airlines","LECONTE"
LIA,"Leeward Islands Air Transport","LIAT"
LGD,"Legend Airlines","LEGENDARY"
LWD,"Leisure Air","LEISURE WORLD"
LEN,"Lentini Aviation","LENTINI"
LOR,"Leo-Air","LEO CHARTER"
LEL,"Leonsa De Aviación","LEONAVIA"
LVL,"Level","LEVEL"
LYW,"Libyan Airlines","LIBYAN AIRWAYS"
LAA,"Libyan Arab Airlines","LIBAIR"
LCR,"Libyan Arab Air Cargo","LIBAC"
LIQ,"Lid Air",""
LTA,"LIFT Academy","LIFT"
LCG,"Lignes Aeriennes Congolaises","CONGOLAISE"
LKD,"Lignes Aeriennes Du Tchad","LATCHAD"
LME,"Lignes Mauritaniennes Air Express","LIMAIR EXPRESS"
GCB,"Lignes Nationales Aeriennes - Linacongo","LINACONGO"
GDQ,"Lincoln Air National Guard",""
LRT,"Lincoln Airlines",""
LSY,"Lindsay Aviation","LINDSAY AIR"
NOT,"Línea Aérea Costa Norte","COSTA NORTE"
LMC,"Línea Aérea Mexicana de Carga","LINEAS DECARGA"
LNP,"Línea Aérea SAPSA","SAPSA"
NEG,"Línea Aérea de Fumig Aguas Negras","AGUAS NEGRAS"
LER,"Línea Aérea de Servicio Ejecutivo Regional","LASER"
LSE,"Línea De Aeroservicios",""
TUY,"Línea Turística Aereotuy","AEREOTUY"
ALR,"Líneas Aéreas Alaire S.L.","AEROLAIRE"
LCD,"Líneas Aéreas Azteca","LINEAS AZTECA"
LCN,"Líneas Aéreas Canedo LAC","CANEDO"
LCM,"Líneas Aéreas Comerciales","LINEAS COMERCIALES"
EDD,"Líneas Aéreas Ejectuivas De Durango","LINEAS DURANGO"
EDR,"Líneas Aéreas Eldorado","ELDORADRO"
FED,"Líneas Aéreas Federales","FEDERALES"
LMN,"Líneas Aéreas Monarca","LINEAS MONARCA"
LIJ,"Líneas Aéreas San Jose","LINEAS JOSE"
UMA,"Líneas Aéreas del Humaya","HUMAYA"
LEC,"Linex","LECA"
SMS,"Linhas Aéreas Santomenses","SANTOMENSES"
LAM,"Linhas Aéreas de Moçambique","MOZAMBIQUE"
LAW,"Link Airways of Australia",""
WGT,"Volkswagen AirService GmbH","WORLDGATE"
LNI,"Lion Air","LION INTER"
LEU,"Lions-Air","LIONSAIR"
LYF,"Lithuanian Air Force","LITHUANIAN AIRFORCE"
LRA,"Little Red Air Service","LITTLE RED"
LVG,"Livingston Energy Flight","LIVINGSTON"
SNG,"LJ Air","SNOW EAGLE"
LLB,"Lloyd Aéreo Boliviano","LLOYDAEREO"
LNA,"Lnair Air Services","ELNAIR"
XLG,"Lockheed Air Terminal",""
LAC,"Lockeed Aircraft Corporation","LOCKHEED"
XDD,"Lockheed DUATS",""
CBD,"Lockheed Martin Aeronautics","CATBIRD"
LNG,"Lockheed Martin Aeronautics Company","LIGHTNING"
LOG,"Loganair","LOGAN"
CLV,"Lom Praha Flying School","AEROTRAINING"
LMS,"Lomas Helicopters","LOMAS"
LCY,"London City Airport Jet Centre","LONDON CITY"
LNX,"London Executive Aviation","LONEX"
LOV,"London Flight Centre (Stansted)","LOVEAIR"
LHC,"London Helicopter Centres","MUSTANG"
LSS,"Lone Star Airlines","LONE STAR"
ORA,"Long Island Airlines","LONG ISLAND"
LHA,"Longhao Airlines","AIR CANTON"
LGT,"Longtail Aviation","LONGTAIL"
CDC,"Loong Air","LOONG AIR"
LRR,"Lorraine Aviation","LORRAINE"
LSC,"Los Cedros Aviación","CEDROS"
TAS,"Lotus Air","LOTUS FLOWER"
LTW,"Luchtvaartmaatschappij Twente","TWENTAIR"
LUT,"Luft Carago","LUGO"
LVD,"Luftfahrt-Vermietungs-Dienst","AIR SANTE"
DLH,"Lufthansa","LUFTHANSA"
GEC,"Lufthansa Cargo","LUFTHANSA CARGO"
CLH,"Lufthansa CityLine","HANSALINE"
LHT,"Lufthansa Technik","LUFTHANSA TECHNIK"
LTF,"Lufttaxi Fluggesellschaft","Garfield"
LTR,"Lufttransport","LUFT TRANSPORT"
LHS,"Luhansk","ENTERPRISE LUHANSK"
UNY,"Lund University School of Aviation","UNIVERSITY"
LGL,"Luxair","LUXAIR"
LXA,"Luxaviation","RED LION"
LUV,"Luxembourg Air Rescue","LUX RESCUE"
LFE,"Luxflight Executive","LUX EXPRESS"
LXO,"Luxor Air",""
LUZ,"Luzair","LISBON JET"
UKW,"Lviv Airlines","UKRAINE WEST"
LYD,"Lydd Air","LYDDAIR"
LCH,"Lynch Flying Service","LYNCH AIR"
LYC,"Lynden Air Cargo","LYNDEN"
LWG,"Luxwing","LUXWING"
DAT,"Lynx Air","DAUNTLESS"
LXF,"Lynx Air International","LYNX FLIGHT"
SSX,"Lynx Aviation","SHASTA"
LYX,"Lynx Aviation","LYNX AIR"
AZN,"Línea Aérea Amaszonas",""
LPR,"Líneas Aéreas Privadas Argentinas","LAPA"
LAU,"Líneas Aéreas Suramericanas","SURAMERICANO"
SNG,"LongJiang Airlines","SNOW EAGLE"
LYB,"Lynden Air Cargo","HIGHLANDS"
DQA,"Maldivian","ISLAND AVIATION"
MMH,"McMahon Helicopter","NIGHT RIDER"
HOG,"Mahogany Air Charters","HOGAN AIR"
MTS,"[https://www.jet-rescue.com/ Med Jets]","MED SERVICE"
MSF,"Minsheng International Jet","MEINSHENG"
MXS,"Millon Express","MILLON EXPRESS"
MHF,"Maritime Helicopters","AIR MARITIME"
MRK,"MarkAir","MARKAIR"
MWM,"Modern Transporte Aereo De Carga","MODERNAIR"
MSJ,"Magnum Air","MAGNUM AIR"
MWI,"Malawian Airlines 2014","MALAWIAN"
MYP,"Mann Yadanarpon Airlines","MANN ROYAL"
MAV,"Manta Air","SEA WING"
RDK,"Memorial Hermann Hospital System","RED DUKE"
MLV,"Multiservicios Aereos Del Valle","MULTI VALLE"
MMJ,"Macau Jet International","MACAUJET"
MXF,"Maximum Flight Advantages","MAXFLIGHT"
MXD,"Malindo Airways","MALINDO EXPRESS"
MJC,"Mandarin Air","AIR MANDA"
PLG,"MBK-S","PILGRIM"
DZR,"Midwest Aviation","DOZER"
MSN,"Milenium Air Servicios Aereos Integrados",""
MFB,"Mountain Flyers 80","MOUNTAINHELI"
HTL,"My Fair Jet","HOTLINE"
JNH,"M & N Aviation","JONAH"
MCF,"MAC Fotografica","MAC FOTO"
MRG,"MANAG'AIR","MANAG'AIR"
MPJ,"MAP-Management and Planung","MAPJET"
TFG,"MAS Airways","TRAFALGAR"
MAA,"MasAir","MAS CARGA"
MWG,"MASwings","MASWINGS"
MAK,"MAT Macedonian Airlines","MAKAVIO"
MCC,"MCC Aviation","DISCOVERY"
MGA,"MG Aviación","MAG AVACION"
JLA,"MIA Airlines","SALLINE"
MGL,"MIAT Mongolian Airlines","MONGOL AIR"
MNC,"MIT Airlines","MUNCIE"
MKA,"MK Airline","KRUGER-AIR"
MNB,"MNG Airlines","BLACK SEA"
EBF,"MSR Flug-Charter","SKYRUNNER"
MCV,"MTC Aviación","MTC AVIACION"
MAQ,"Mac Aviation","MAC AVIATION"
MCN,"Mac Dan Aviation Corporation","MAC DAN"
MTD,"MacKnight Airlines",""
MCK,"Macair Airlines",""
MCS,"Macedonian Airlines","MACAIR"
MDH,"Madina Air","MADINA AIR"
DAN,"Maersk Air","MAERSKAIR"
MSK,"Maersk Air UK","BLUESTAR"
MJB,"Magic Blue Airlines","MAGIC BLUE"
MGR,"Magna Air","MAGNA AIR"
MLH,"Mahalo Air","MAHALO"
IRM,"Mahan Air","MAHAN AIR"
MZS,"Mahfooz Aviation","MAHFOOZ"
MAT,"Maine Aviation","MAINE-AV"
MAJ,"Majestic Airlines","MAGIC AIR"
AKM,"Mak Air","MAKAIR"
MLG,"Malagasy Airlines",""
MLX,"Malawi Express","MALAWI EXPRESS"
MKK,"Malaya Aviatsia Dona","AEROKEY"
MAS,"Malaysia Airlines","MALAYSIAN"
MLT,"Maleth-Aero",""
MAE,"Mali Air","MALI AIREXPRESS"
VXP,"Mali Air Express","AVION EXPRESS"
MTZ,"Mali Airways","MALI AIRWAYS"
MLC,"Malila Airlift","MALILA"
MLS,"Mall Airways","MALL-AIRWAYS"
LOD,"Malmoe Air Taxi","LOGIC"
SCW,"Malmö Aviation","SCANWING"
MAY,"Malta Air",""
MAC,"Malta Air Charter","MALTA CHARTER"
MWS,"Malta Wings","MALTA WINGS"
MAH,"Malév Hungarian Airlines","MALEV"
MLB,"Manaf International Airways","MANAF"
MDL,"Mandala Airlines","MANDALA"
MDA,"Mandarin Airlines","MANDARIN"
MNO,"Mango","TULCA"
MHN,"Manhattan Air","MANHATTAN"
MTO,"Marathon Airlines","MARATHON"
MNR,"Mann Air","TEEMOL"
MAN,"Mannion Air Charter","MANNION"
MTS,"Mantrust Asahi Airways","MANTRUST"
MNX,"Manx Airlines","MANX"
MAD,"Maple Air Services","MAPLE AIR"
MAR,"March Helicopters","MARCH"
MCP,"Marcopolo Airways","MARCOPOLO"
MGI,"Marghi Air","MARGHI"
MRK,"Markair","MARKAIR"
MKO,"Markoss Aviation","GOSHAWK"
MRW,"Mars RK","AVIAMARS"
MCE,"Marshall Aerospace","MARSHALL"
MSL,"Marsland Aviation","MARSLANDAIR"
XMA,"Martin Aviation Services",""
MBE,"Martin-Baker","MARTIN"
MPH,"Martinair","MARTINAIR"
MRA,"Martinaire","MARTEX"
MFA,"Martyn Fiddler Associates","SEAHORSE"
MVN,"Marvin Limited","MARVIN"
TRP,"Maryland State Police","TROOPER"
MTH,"Massachusetts Institute of Technology","RESEARCH"
MSY,"Massey University School of Aviation","MASSEY"
MSW,"Master Airways","MASTER AIRWAYS"
MPL,"Master Planner",""
LMJ,"Masterjet","MASTERJET"
MIA,"Mauria","MAURIA"
MNV,"Mauritanienne Aerienne Et Navale","NAVALE"
MRF,"Mauritanienne Air Fret","MAUR-FRET"
MWY,"Mauritanienne Airways","MAURITANIENNE"
MDE,"Mauritanienne De Transport Aerien","MAURI-TRANS"
MVR,"Maverick Airways","MAV-AIR"
MVL,"Mavial Magadan Airlines","Mavial"
MAI,"Max Avia","MAX AVIA"
MSF,"Max Sea Food","MAXESA"
MAX,"Max-Aviation","MAX AVIATION"
MXL,"Maxair","MAXAIR"
MXU,"Maximus Air Cargo","CARGO MAX"
MXJ,"Maxjet Airways","MAX-JET"
MXS,"Maxsus-Avia","MAXSUS-AVIA"
MXP,"May Air Xpress","BEECHNUT"
MYD,"Maya Island Air","MYLAND"
MYI,"Mayair","MAYAIR"
MBS,"Mbach Air","MBACHI AIR"
MCH,"McAlpine Helicopters","MACLINE"
MKL,"McCall Aviation","MCCALL"
DAC,"McDonnell Douglas","DACO"
MDS,"McNeely Charter Services","MID-SOUTH"
MEK,"Med-Trans of Florida","MED-TRANS"
MDM,"Medavia","MEDAVIA"
MRZ,"Medical Air Rescue Services","MARS"
MCL,"Medical Aviation Services","MEDIC"
MDF,"Mediterranean Air Freight","MED-FREIGHT"
MDY,"Mediterranean Airways",""
MEJ,"Medjet International","MEDJET"
MGK,"Mega","MEGLA"
MEL,"Mega Linhas Aéreas","MEGA AIR"
MKN,"Mekong Airlines","MEKONG AIRLINES"
MNJ,"Menajet","MENAJET"
MXX,"Merchant Express Aviation","MERCHANT"
MEC,"Mercury Aircourier Service","MERCAIR"
POV,"Meridian","AIR POLTAVA"
MRD,"Meridian Air Cargo","MERIDIAN"
MHL,"Meridian Airlines","HASSIMAIR"
DSL,"Meridian Aviation","DIESEL"
MEM,"Meridian Limited","MERIDIAN CHERRY"
ISS,"Meridiana","MERIDIANA"
MEI,"Merlin Airways","AVALON"
MNA,"Merpati Nusantara Airlines","MERPATI"
ASH,"Mesa Airlines","AIR SHUTTLE"
MES,"Mesaba Airlines","MESABA"
MSQ,"Meta Linhas Aéreas","META"
MET,"Meteorological Research Flight","METMAN"
MER,"Methow Aviation","METHOW"
MVI,"Metro Business Aviation",""
MEX,"Metro Express","EAGLE EXPRESS"
MTR,"Metroflight","METRO"
MTJ,"Metrojet","METROJET"
PIX,"Metropix UK","METROPIX"
MPS,"Metropolis","METRO REGIONAL"
MXB,"Mex Blue","MEX BLUE"
MJT,"Mex-Jet","MEJETS"
MXC,"Mexicargo","MEXICARGO"
MXA,"Mexicana de Aviación","MEXICANA"
MXT,"México Transportes Aéreos","TRANSMEX"
HUR,"Miami Air Charter","HURRICANE CHARTER"
BSK,"Miami Air International","BISCAYNE"
OWL,"Miami Valley Aviation","NIGHT OWL"
MPT,"Miapet-Avia","MIAPET"
BIB,"Michelin Air Services",""
WIZ,"Micromatter Technology Solutions","WIZARD"
NYL,"Mid Airlines","NILE"
MPA,"Mid-Pacific Airlines","MID PAC"
MJR,"Midamerica Jet","MAJOR"
MEA,"Middle East Airlines","CEDAR JET"
MID,"Midland Airport Services",""
MFR,"Midline Air Freight","MIDLINE FREIGHT"
MIS,"Midstate Airlines","MIDSTATE"
MDW,"Midway Airlines (1993–2003)","MIDWAY"
MDW,"Midway Airlines (1976–1991)","MIDWAY"
FLA,"Midway Express","PALM"
FAX,"Midwest Air Freighters","FAIRFAX"
MEP,"Midwest Airlines","MIDEX"
MWA,"Midwest Airlines (Egypt)",""
NIT,"Midwest Aviation","NIGHTTRAIN"
MWT,"Midwest Aviation Division","MIDWEST"
HTE,"Midwest Helicopters De Mexico","HELICOPTERSMEXICO"
MLR,"Mihin Lanka","MIHIN LANKA"
MAB,"Millardair","MILLARDAIR"
RJM,"Millen Corporation","MILLEN"
MLK,"Millennium Air","NIGERJET"
DLK,"Millennium Airlines","DEKKANLANKA"
MFS,"Miller Flying Services","MILLER TIME"
OXO,"Million Air","MILL AIR"
MIM,"Mimino","MIMINO"
NAB,"Mina Airline Company",""
OMR,"Minair","ORMINE"
EBE,"Minebea Technologies","MINEBEA"
MAZ,"Mines Air Services Zambia","MINES"
MNL,"Miniliner","MINILINER"
MNS,"Ministic Air","MINISTIC"
WDG,"Ministry of Agriculture, Fisheries and Food","WATCHDOG"
LIR,"Minsk Aircraft Overhaul Plant","LISLINE"
MIC,"Mint Airways","MINT AIRWAYS"
MIR,"Miramichi Air Service","MIRAMICHI"
MIF,"Miras","MIRAS"
MOS,"Misr Overseas Airways",""
MAF,"Mission Aviation Fellowship","MISSI"
MSN,"Missionair","MISIONAIR"
MRN,"Missions Gouvernemtales Francaises","MARIANNE"
BDG,"Mississippi State University","BULLDOG"
MVA,"Mississippi Valley Airlines","VALAIR"
MSA,"Mistral Air","AIRMERCI"
MJF,"MJET","EM-EXPRESS"
MBO,"Mobil Oil","MOBIL"
MXE,"Mocambique Expresso","MOZAMBIQUE EXPRESS"
MFZ,"Mofaz Air","MOFAZ AIR"
MOW,"Mohawk Airlines","MOHAWK AIR"
MUL,"Mokulele Airlines","MUKULELE"
MLE,"Moldaeroservice","MOLDAERO"
MDV,"Moldavian Airlines","MOLDAVIAN"
MVG,"Moldova","MOLDOVA-STATE"
RRV,"Mombasa Air Safari","SKYROVER"
MON,"Monarch Airlines","MONARCH"
MNH,"Monarch Airlines","MONARCH AIR"
MFC,"Moncton Flying Club","EAST WIND"
MDB,"Monde Air Charters","MONDEAIR CARGO"
MTI,"Monerrey Air Taxi","MONTERREY AIR"
MKY,"Monky Aerotaxis","MONKY"
MGX,"Montenegro Airlines","MONTENEGRO"
MNT,"Montserrat Airways","MONTSERRAT"
MNY,"Mooney Aircraft Corporation","MOONEY FLIGHT"
MAL,"Morningstar Air Express","MORNINGSTAR"
MSS,"Morris Air Service","WASATCH"
MRO,"Morrison Flying Service","MORRISON"
GAI,"Moskovia Airlines","GROMOV AIRLINE"
MPI,"Mosphil Aero","MOSPHIL"
MSI,"Motor Sich Airlines","MOTOR SICH"
NZM,"Mount Cook Airline","MOUNTCOOK"
MTN,"Mountain Air Cargo","MOUNTAIN"
MTC,"Mountain Air Company","MOUNTAIN LEONE"
PKP,"Mountain Air Express","PIKES PEAK"
BRR,"Mountain Air Service","MOUNTAIN AIR"
MBI,"Mountain Bird","MOUNTAIN BIRD"
MHA,"Mountain High Aviation","MOUNTAIN HIGH"
MPC,"Mountain Pacific Air","MOUNTAIN PACIFIC"
MTV,"Mountain Valley Air Service","MOUNTAIN VALLEY"
MDN,"Mudan Airlines",""
CMJ,"Mudanjiang General Aviation","MUDANJIANG"
MTX,"Multi Taxi","MULTITAXI"
WBR,"Multi-Aero","WEBER"
MFT,"Multiflight","YORKAIR"
MNZ,"Murmansk Aircompany","MURMAN AIR"
MUA,"Murray Air","MURRAY AIR"
MMR,"Musrata Air Transport","MUSRATA AIR"
MAW,"Mustique Airways","MUSTIQUE"
MYM,"MYAirline","MYAIR"
MYW,"MyWay Airlines","MYSKY"
MYT,"MyTravel Airways","KESTREL"
UBA,"Myanma Airways","UNIONAIR"
MMA,"Myanmar Airways International","MYANMAR"
MAV,"Minoan Air","MINOAN"
MYA,"Myflug","MYFLUG"
VKG,"MyTravel Airways","VIKING"
AAD,"Mann Air Ltd","Ambassador"
MHV,"MHS Aviation GmbH","SNOWCAP"
MTU,"Middle Tennessee State University","BLUE RAIDER"
NIA,"Nile Air","NILE BIRD"
SIQ,"National Center for Atmospheric Research","SCIENCE QUEST"
NEJ,"Netjets Business Aviation","NET BUSINESS"
NHV,"NHV Aviation",""
NHC,"Northern Helicopter","NORTHERN"
DMD,"Namdeb Diamond Corporation","DIAMONDJET"
NIN,"Niger Airlines","NIGER AIRLINES"
FEY,"Fly Easy","FLYEASY"
NUB,"Nomad Aviation","VALLETTA"
NJA,"New Japan Aviation","SHIN NIHON"
ROW,"Nor Aviation","ROTORWING"
NLG,"NEL Cargo","NELCARGO"
NHG,"NHT Linhas Aéreas","HELGA"
WAR,"NZ Warbirds Association","WARBIRDS"
ANL,"Nacoia Lda","AIR NACOIA"
NHZ,"Nada Air Service","NADA AIR"
BFN,"Compangnie Nationale Naganagani",""
NAH,"Nahanni Air Services Ltd","NAHANNI"
NKL,"Nakheel Aviation","NAKHEEL"
MRE,"Namibia Commercial Aviation","MED RESCUE"
NDF,"Namibian Defence Force","NAMIBIAN AIR FORCE"
CNJ,"Nanjing Airlines","NINGHANG"
ACK,"Nantucket Airlines","ACK AIR"
NYA,"Nanyah Aviation","NANYAH"
NAP,"Napier Air Service Inc","NAPIER"
NCM,"Nas Air","AIR BANE"
NAS,"Nasair","NASAIRWAYS"
NJC,"Nashville Jet Charters","NASHVILLE JET"
NCO,"Natalco Air Lines","NATALCO"
NTK,"National Air Traffic Controllers Association","NATCA"
NSR,"National Air Charter","NASAIR"
RFI,"National Air Traffic Services","SHERLOCK"
NAN,"National Airlines","NATION AIR"
NCN,"National Airlines",""
ROK,"National Airlines","RED ROCK"
NAL,"National Airlines","NATIONAL"
NCR,"National Air Cargo dba National Airlines","NATIONAL CARGO"
NAE,"National Airways Ethiopia","NATIONAL"
NIH,"NAM Air","NAM"
KUS,"National Airlines","KUSWAG"
LFI,"National Airways Corporation","AEROMED"
GTY,"National Aviation Company",""
TNC,"National Aviation Consultants","NATCOM"
NXT,"National Express","NATIONAL FREIGHT"
GRD,"National Grid plc","GRID"
JTE,"National Jet Express","JETEX"
AND,"National Jet Service","AIR INDIANA"
NJS,"National Jet Systems","NATIONAL JET"
NOL,"National Overseas Airlines Company","NAT AIRLINE"
NLS,"Nationale Luchtvaartschool","PANDER"
NAE,"Nations Air Express Inc","NATIONS EXPRESS"
NTW,"Nationwide Airlines","NATIONWIDE"
NWZ,"Nationwide Airlines (Zambia)","ZAMNAT"
EVM,"Natural Environment Research Council","SCIENCE"
NRR,"Natureair","NATUREAIR"
NRK,"Naturelink Charter","NATURELINK"
NVC,"Nav Canada","NAV CAN"
NAV,"Nav Flight Planning","NAV DISPATCH"
NVP,"Navegacao Aérea De Portugal",""
NAY,"Navegación Servicios Aéreos Canarios S.A.","NAYSA"
IRI,"Navid","NAVID"
NVM,"Naviera Mexicana","NAVIERA"
NVL,"Navigator Airlines","NAVLINES"
XNV,"Navinc Airlines Services",""
XNS,"Navtech System Support",""
NZA,"Nayzak Air Transport",""
NEB,"State of Nebraska","NEBRASKA"
NEC,"Necon Air","NECON AIR"
NCG,"Nederlandse Kustwacht","NETHERLANDS COASTGUARD"
NFT,"Nefteyugansk Aviation Division","NEFTEAVIA"
NLA,"Neiltown Air","NEILTOWN AIR"
NLC,"Nelair Charters","NELAIR"
CGE,"Nelson Aviation College","COLLEGE"
RNA,"Nepal Airlines","ROYAL NEPAL"
NOS,"Neos","MOONFLOWER"
TOX,"Neosiam Airways","SKY KINGDOM"
NSL,"Neric","NERICAIR"
NMA,"Nesma Airlines","NESMA"
EJA,"NetJets","EXECJET"
NET,"Network Aviation Services","NETWORK"
NEZ,"New England Air Express","ENGAIR"
NEA,"New England Airlines","NEW ENGLAND"
NHT,"New Heights 291","NEWHEIGHTS"
NWD,"New World Jet Corporation","NEW WORLD"
NYH,"New York Helicopter","NEW YORK"
GRY,"New York State Police","GRAY RIDER"
KRC,"Royal New Zealand Air Force","KIWI RESCUE"
HVA,"Newair","HAVEN-AIR"
NLT,"Newfoundland Labrador Air Transport","NALAIR"
NTJ,"NextJet","NEXTJET"
NXF,"Nextflight Aviation","NEXTFLIGHT"
NXS,"Nexus Aviation","NEXUS AVIATION"
NIS,"Nicaragüense de Aviación","NICA"
NCN,"Nicon Airways","NICON AIRWAYS"
NGA,"Nigeria Airways","NIGERIA"
NGR,"Nigerian Air Force","NIGERIAN AIRFORCE"
NGX,"Nigerian Global","AIR GLOBAL"
EXT,"Nightexpress","EXECUTIVE"
NLY,"Niki","FLYNIKI"
NKV,"Nikolaev-Air","AIR NIKOLAEV"
NSA,"Nile Safaris Aviation","NILE SAFARIS"
NVA,"Nile Valley Aviation Company",""
NLW,"Nile Wings Aviation Services","NILE WINGS"
NBS,"Nimbus Aviation","NIMBUS"
NSR,"Nine Star Airways","AIR STAR"
NCA,"Nippon Cargo Airlines","NIPPON CARGO"
NVK,"Nizhnevartovskavia","VARTOSKAVIA"
NOH,"No. 32 (The Royal) Squadron","NORTHOLT"
AKG,"No. 84 Squadron RAF","GRIFTER"
NBL,"Nobil Air","NOBIL AIR"
NOK,"Nok Air","NOK AIR"
NCT,"NokScoot","BIG BIRD"
NRL,"Nolinor Aviation","NOLINOR"
NMD,"Nomad Aviation","NOMAD AIR"
OMD,"Nomadic Aviation Group LLC","NOMADIC"
NOC,"Norcopter","NORCOPTER"
NEF,"Nord-Flyg","NORDEX"
AUL,"Nordavia","ARCHANGELSK AIR"
NES,"Nordeste Linhas Aéreas Regionais","NORDESTE"
NRD,"Nordic Regional","NORTH RIDER"
TYA,"NordStar","TAIMYR"
NDS,"Nordstree (Australia)",""
NWS,"Nordwind Airlines","NORDLAND"
NRT,"Norestair","NORESTAIR"
NCF,"Norfolk County Flight College","COUNTY"
FNA,"Norlandair","NORLAND"
NOA,"Norontair","NORONTAIR"
HMF,"Norrlandsflyg","LIFEGUARD SWEDEN"
NRX,"Norse Air Charter","NORSE AIR"
NBT,"Norse Atlantic Airways","LONGSHIP"
UBT,"Norse Atlantic UK","LONGBOAT"
NIR,"Norsk Flytjeneste","NORSEMAN"
NOR,"Norsk Helikopter","NORSKE"
DOC,"Norsk Luftambulanse","HELIDOC"
RTV,"Nortavia","TIC-TAC"
NAI,"North Adria Aviation","NORTH-ADRIA"
NAO,"North American Airlines","NORTH AMERICAN"
HMR,"North American Charters","HAMMER"
NAJ,"North American Jet Charter Group","JET GROUP"
NAT,"North Atlantic Air Inc","MASS AIR"
NFC,"North Atlantic Cargo","NORTH ATLANTIC"
NBN,"North British Airlines","TEESAIR"
NCB,"North Caribou Flying Service Ltd","NORTH CARIBOU"
NFA,"North Flying","NORTH FLYING"
NRC,"North Sea Airways","NORTH SEA"
SBX,"North Star Air Cargo","SKY BOX"
NRV,"North Vancouver Airlines","NORVAN"
NWW,"North West Airlines","HALANT"
PTO,"North West Geomatics","PHOTO"
NEN,"North-East Airlines","NORTHEAST SWAN"
VBG,"North-West Air Transport Company - Vyborg","VYBORG AIR"
NWL,"North-Wright Airways","NORTHWRIGHT"
NLL,"Northafrican Air Transport","NORTHAFRICAN AIR"
NFL,"Northaire Freight Lines","GREAT LAKES"
NSF,"Northamptonshire School of Flying","NORTON"
NCE,"Northcoast Executive Airlines","TOP HAT"
NEE,"Northeast Airlines","NORTHEAST"
NPX,"Northeast Aviation","NORTHEAST EXPRESS"
NEW,"Northeastern Aviation","MEADOW FLIGHT"
NAC,"Northern Air Cargo","YUKON"
BYC,"Northern Airlines Sanya","BEIYA"
NDA,"Northern Airways","NORTHERN DAKOTA"
CMU,"Northern Aviation Service","LANNA AIR"
NEX,"Northern Executive Aviation","NEATAX"
NIC,"Northern Illinois Commuter","ILLINOIS COMMUTER"
NTX,"Northern Jet Management","NORTAX"
RVF,"Northern Pacific Airways","—Raven Flight"
NTA,"Northern Thunderbird Air","THUNDERBIRD"
KOE,"Northland Aviation","KOKEE"
NSS,"Northstar Aviation","NORTHSTAR"
NHL,"Northumbria Helicopters","NORTHUMBRIA"
NAL,"Northway Aviation Ltd","NORTHWAY"
NWE,"Northwest Aero Associates",""
NWA,"Northwest Airlines","NORTHWEST"
NWR,"Northwest Regional Airlines",""
NWT,"Northwest Territorial Airways","TERRITORIAL"
PLR,"Northwestern Air","POLARIS"
NWN,"Northwinds Northern","NORTHWINDS"
NAM,"Nortland Air Manitoba","MANITOBA"
IBK,"Norwegian Air International","NORTRANS"
NOZ,"Norwegian Air Shuttle","NORDIC"
NRS,"Norwegian Air UK","REDNOSE"
NAA,"Norwegian Air Argentina","NORUEGA"
NLH,"Norwegian Long Haul","NORSTAR"
NAN,"Norwegian Air Norway","NORSHIP"
NSZ,"Norwegian Air Sweden","REDNOSE"
TFN,"Norwegian Aviation College","SPIRIT"
XNT,"Notams International",""
LBT,"Nouvel Air Tunisie","NOUVELAIR"
NOV,"Nova Airways","NOVANILE"
PTR,"Nova Scotia Department of Lands and Forests","PATROL"
NVR,"Novair","NAVIGATOR"
NVQ,"Novo Air","NOVO AIR"
NVG,"Novgorod Air Enterprise","SADKO AVIA"
NSP,"Novosibirsk Aircraft Repairing Plant","NARPAIR"
NBE,"Novosibirsk Aviaenterprise","NAKAIR"
NPO,"Novosibirsk Aviation Production Association","NOVSIB"
NOY,"Noy Aviation","NOY AVIATION"
ACQ,"Nuevo Continente","AERO CONTINENTE"
NHR,"Nuevo Horizonte Internacional","NUEVO HORIZONTE"
NUN,"Nunasi-Central Airlines","NUNASI"
NIN,"Nurman Avia Indopura","NURVINDO"
NYS,"Nyasa Express","NYASA"
NJE,"NetJets Europe","FRACTION"
ORN,"Orange Air","ORANGE JET"
ONS,"One Airlines","AIR DREAMS"
FET,"Old Dominion Freight Lines","FREIGHT LINE"
OCN,"O Air","O-BIRD"
OCM,"O'Connor Airlines","OCONNOR"
DRL,"Omni Air Transport","DRILLER"
OWE,"Owenair","OWENAIR"
AAN,"Oasis Airlines","Oasis"
OHK,"Oasis Hong Kong Airlines","OASIS"
BCN,"Ocean Air","BLUE OCEAN"
VCX,"Ocean Airlines","OCEANCARGO"
OCS,"Ocean Sky UK","OCEANSKY"
TUK,"Ocean Wings Commuter Service","TUCKERNUCK"
ODS,"Odessa Airlines","ODESSA AIR"
FOC,"Office Federal De'Aviation Civile","FOCA"
GBO,"Ogooue Air Cargo",""
OKJ,"Okada Airlines","OKADA AIR"
OKP,"Okapi Airways","OKAPI"
OKA,"Okay Airways","OKAYJET"
OKL,"Oklahoma Department of Public Safety","OKLAHOMA"
OLX,"Olimex Aerotaxi","OLIMEX"
KVK,"Olimp Air","PONTA"
OLT,"OLT Express Germany","OLTRA"
OAL,"Olympic Air","OLYMPIC"
OLY,"Olympic Aviation","OLAVIA"
OMA,"Oman Air","OMAN AIR"
ORF,"Oman Royal Flight","OMAN"
OMS,"SalamAir","MAZOON"
OAV,"Omni - Aviacao e Tecnologia","OMNI"
OAE,"Omni Air International","OMNI-EXPRESS"
ONI,"OMNI AVIATION TRAINING CENTER","OMNI TRAINING"
OMF,"Omniflys","OMNIFLYS"
ORL,"On Air Limited","ON AIR"
OST,"Oklahoma State University","OSTATE"
OTG,"One Two Go Airlines","THAI EXPRESS"
OTM,"Onetime Airlines Zambia","ZEDTIME"
MED,"Ontario Ministry of Health","MEDICAL"
OHY,"Onur Air","ONUR AIR"
OPA,"Opal Air",""
OSA,"Open Sky Aviation",""
BOS,"OpenSkies","MISTRAL"
ORR,"Operadora Turistica Aurora","TURISTICA AURORA"
OLE,"Operadora de Lineas Ejecutivas","OPERADORA"
OTP,"Operadora de Transportes Aéreos","OPERADORA AEREO"
OPV,"Operadora de Veulos Ejectutivos","OPERADORA DE VUELOS"
LLO,"Operation Enduring Freedom","APOLLO"
OAX,"Operational Aviation Services",""
ORD,"Orange Air Services","ORANGE SERVICES"
ORJ,"Orange Air Sierra Leone","ORANGE SIERRA"
ORE,"Orange Aviation","ORANGE AVIATION"
ORX,"Orbit Express Airlines","OREX"
ORK,"Orca Air","ORCA TAXI"
BUE,"Orebro Aviation","BLUELIGHT"
ORM,"Orel State Air Enterprise","ORPRISE"
ORB,"Orenburg Airlines","ORENBURG"
OTA,"Organizacion De Transportes Aéreos","ORGANIZACION"
OML,"Organizacoes Mambra","MAMBRA"
OVV,"Orient Air","ORIENTSYR"
OTR,"Orient Airlines","ORIENTROC"
ORN,"Orient Airways","ORIENT LINER"
OEA,"Orient Thai Airlines","ORIENT THAI"
NGK,"Oriental Air Bridge","ORIENTAL BRIDGE"
OAC,"Oriental Airlines","ORIENTAL AIR"
OGN,"Origin Pacific Airways","ORIGIN"
OED,"Orion Air Charter","ORION CHARTER"
OIX,"Orion-x","ORIONIX"
KOV,"Orlan-2000","ORLAN"
RNG,"Orange Aircraft Leasing","ORANGE"
OAD,"Orscom Tourist Installations Company","ORSCOM"
JPA,"OSACOM","J-PAT"
OSH,"Osh Avia","OSH AVIA"
OCO,"Ostend Air College","AIR COLLEGE"
ODY,"Odyssey International","ODYSSEY"
FNL,"Oulun Tilauslento","FINN FLIGHT"
RON,"Our Airline","OUR AIRLINE"
OOT,"Out Of The Blue Air Safaris","OOTBAS"
OLA,"Overland Airways","OVERLAND"
OAR,"ONE AIR","BOSS AIR"
OXE,"Oxaero","OXOE"
WDK,"Oxford Air Services","WOODSTOCK"
OAA,"Oxley Aviation",""
OZR,"Ozark Air Lines","OZARK"
OZJ,"OzJet","AUSJET"
OSU,"Ohio State University","SCARLET"
OAL,"Olympic Airlines","OLYMPIC"
AAN,"Oasis International Airlines Now assigned to Boliviana de Aviacion (BoA)","OASIS"
ORT,"Ortac","SKYWALKER"
PVL,"PAL Airlines","PAL Airlines"
GAP,"PAL Express","AIRPHIL"
PIP,"Pilot Flight Academy","PILOT"
HRS,"Pursuit Aviation","HORSEMAN"
NCT,"Pete Air","PETE AIR"
PRT,"Prime Service Italia","PRIME ITALIA"
PXT,"Pacific Coast Jet","PACK COAST"
BPH,"Phoenix Helicopter Academy","BLACK PHOENIX"
PFY,"Pel-Air Aviation","PELFLIGHT"
PXR,"Pixair Survey","PIXAIR"
PNC,"Prince Aviation","PRINCE"
PMI,"Primero Transportes Aereos","AEROEPRIM"
KTL,"P & P Floss Pick Manufacturers","KNOTTSBERRY"
PCR,"PAC Air","PACAIR"
PNR,"PAN Air","SKYJET"
PBA,"PB Air","PEEBEE AIR"
PDQ,"PDQ Air Charter","DISPATCH"
XAS,"PHH Aviation System",""
PDG,"PLM Dollar Group","OSPREY"
PUA,"PLUNA","PLUNA"
PMT,"PMTair","MULTITRADE"
PRP,"PRT Aviation","PRONTO"
KST,"PTL Luftfahrtunternehmen","KING STAR"
WIS,"Paccair","WISCAIR"
PCE,"Pace Airlines","PACE"
PAB,"Pacific Air Boats","AIR BOATS"
PRC,"Pacific Air Charter","PACIFIC CHARTER"
PAQ,"Pacific Air Express","SOLPAC"
PXP,"Pacific Air Transport","PAK EXPRESS"
PIC,"Pacific Airlines","PACIFIC AIRLINES"
PAK,"Pacific Alaska Airlines","PACIFIC ALASKA"
PCV,"Pacific Aviation (Australia)","PACAV"
PTO,"European Flight Academy / Lufthansa Aviation Training","ROOKIE"
PCX,"Pacific Aviation (United States)",""
PBN,"Pacific Blue","BLUEBIRD"
PQA,"Pacific Coast Airlines","SAGE BRUSH"
PCO,"Pacific Coastal Airlines","PASCO"
PEC,"Pacific East Asia Cargo Airlines","PAC-EAST CARGO"
PFA,"Pacific Flight Services","PACIFIC SING"
PIN,"Pacific International Airlines","ROAD RUNNERS"
PSA,"Pacific Island Aviation","PACIFIC ISLE"
PCJ,"Pacific Jet","PACIFIC JET"
PPM,"Pacific Pearl Airways","PACIFIC PEARL"
PAR,"Pacific Rim Airways","PACRIM"
NMI,"Pacific Wings","TSUNAMI"
PFR,"Pacificair Airlines","PACIFIC WEST"
RCY,"Package Express","RACE CITY"
PAE,"Paisajes Españoles","PAISAJES"
PKW,"Pak West Airlines","PLATINUM WEST"
PIA,"Pakistan International Airlines","PAKISTAN"
PKR,"Pakker Avio","PAKKER AVIO"
LPA,"Pal Aerolíneas","LINEASPAL"
PPC,"Palau Asia Pacific Airlines","PALAU ASIAPAC"
PNA,"Palau National Airlines","SEBUS"
PTP,"Palau Trans Pacific Airlines","TRANS PACIFIC"
PNW,"Palestinian Airlines","PALESTINIAN"
JSP,"Palmer Aviation","PALMER"
PIR,"Pamir Airways","PAMIR"
PFN,"Pan African Air Services","PANAFRICAN"
ODM,"Pan African Airways",""
PAX,"Pan Air","PANNEX"
XPA,"Pan Am Weather Systems",""
PWD,"PAWA Dominicana",""
PAA,"Pan American Airways",""
PAA,"Pan American World Airways","CLIPPER"
PEA,"Pan Europeenne Air Service",""
PHT,"Pan Havacilik Ve Ticaret","PANANK"
PMA,"Pan Malaysian Air Transport","PAN MALAYSIA"
PNC,"Pan-Air","PANAIRSA"
PNF,"Panafrican Airways","PANWAYS"
PGI,"Panagra Airways","PANAGRA"
RSL,"Panama Aircraft Rental and Sales","PANAMA RENTAL"
PEI,"Panamedia","PANAMEDIA"
PVI,"Panavia",""
PNH,"Panh","KUBAN LIK"
PHU,"Pannon Air Service","PANNON"
PNM,"Panorama","PANORAMA"
PAH,"Panorama Air Tour","LANI"
AFD,"Panorama Flight Service","AIRFED"
PTN,"Pantanal Linhas Aéreas","PANTANAL"
HMP,"Papair Terminal","PAPAIR TERMINAL"
PAI,"Paradise Airways","SEA RAY"
PDI,"Paradise Island Airways","PARADISE ISLAND"
PGX,"Paragon Air Express","PARAGON EXPRESS"
PGF,"Paragon Global Flight Support",""
PRR,"Paramount Airlines","PARAMOUNT"
PMW,"Paramount Airways","PARAWAY"
PTA,"Parata Air","PARATA AIR"
APE,"Parcel Express","AIR PARCEL"
IRE,"Pariz Air","PARIZAIR"
PRA,"Pars Aviation Service","PARSAVIA"
PST,"Parsa","TURISMO REGIONAL"
FAP,"Parsons Airways Northern",""
PSC,"Pascan Aviation","PASCAN"
PTB,"Passaredo Transportes Aéreos","PASSAREDO"
PTC,"Patria Cargas Aéreas","PATRIA"
BYT,"Patriot Aviation Limited","BYTE"
ETL,"Patterson Aviation Company","ENTEL"
PHE,"Pawan Hans","PAWAN HANS"
IRP,"Payam Air","PAYAMAIR"
KGC,"Peach Air","GOLDCREST"
PRL,"Pearl Air","PEARL LINE"
PBY,"Pearl Air Services","PEARL SERVICES"
HPA,"Pearl Airways","PEARL AIRWAYS"
PVU,"Peau Vavaʻu","PEAU"
PXA,"Pecotox Air","PECOTOX"
PGT,"Pegasus Airlines","SUNTURK"
PEV,"People's","PEOPLES"
HAK,"Pegasus Helicopters","HELIFALCON"
PDF,"Pelican Air Services","PELICAN AIRWAYS"
PEX,"Pelican Express","PELICAN EXPRESS"
PAS,"Pelita Air Service","PELITA"
PEM,"Pem-Air","PEM-AIR"
PDY,"Pen-Avia","PENDLEY"
PEN,"Peninsula Airways","PENINSULA"
PNE,"Peninter Aérea","PENINTER"
PCA,"Penya De L'Aire","PENA DEL AIRE"
CVT,"Peran","CVETA"
PCC,"Perforadora Central","PERFORADORA CENTRAL"
PAG,"Perimeter Aviation","PERIMETER"
PGP,"Perm Airlines","PERM AIR"
PPQ,"Personas Y Pasquetes Por Air","PERSONSPAQ"
PVN,"Peruvian Airlines",""
FPR,"Peruvian Air Force",""
INP,"Peruvian Navy",""
PEO,"Petro Air","PETRO AIR"
PMX,"Petroleos Mexicanos","PEMEX"
PHM,"Petroleum Helicopters","PETROLEUM"
PHC,"Petroleum Helicopters de Colombia","HELICOPTERS"
PTK,"Petropavlovsk-Kamchatsk Air Enterprise","PETROKAM"
PTY,"Petty Transport","PETTY"
PHV,"Phenix Aviation","NEW BIRD"
PMY,"Phetchabun Airline","PHETCHABUN AIR"
APG,"Philippines AirAsia","COOL RED"
PAL,"Philippine Airlines","PHILIPPINE"
PHI,"Philips Aviation Services","PHILAIR"
BCH,"Phillips Air","BEACHBALL"
PDD,"Phillips Alaska","PADA"
PHL,"Phillips Michigan City Flying Service","PHILLIPS"
PHB,"Phoebus Apollo Aviation","PHOEBUS"
KZM,"Phoebus Apolloa Zambia","CARZAM"
PHA,"Phoenix Air Group","GRAY BIRD"
PHN,"Phoenix Air Lines","PHOENIX BRASIL"
PAM,"Phoenix Air","PHOENIX"
PPG,"Phoenix Air Transport","PAPAGO"
WDY,"Phoenix Airline Services","WINDYCITY"
PHY,"Phoenix Avia","PHOENIX ARMENIA"
PHG,"Phoenix Aviation","PHOENIX GROUP"
XPX,"Phoenix Flight Operations",""
VAP,"Phuket Air","PHUKET AIR"
PAI,"Piedmont Airlines (1948-1989)","PIEDMONT"
PDT,"Piedmont Airlines","PIEDMONT"
PCH,"Pilatus Flugzeugwerke","PILATUS WINGS"
PLU,"Pilatus PC-12 Center De Mexico","PILATUS MEXICO"
MKS,"Pimichikamac Air","MIKISEW"
PNP,"Pineapple Air","PINEAPPLE AIR"
PIM,"Pinframat","PINFRAMAT"
PCL,"Pinnacle Air Group","PINNACLE GROUP"
FLG,"Pinnacle Airlines","FLAGSHIP"
PIO,"Pioneer Airlines","PIONEER"
PER,"Pioneers Limited",""
PRN,"Pirinair Express","PRINAIR EXPRESS"
PLN,"Planar","PLANAR"
PMS,"Planemaster Services","PLANEMASTER"
PLZ,"Planet Airways","PLANET"
FPY,"Play","PLAYER"
PYZ,"Players Air","PLAYERS AIR"
LIB,"Polizeihubschrauberstaffel Hamburg","LIBELLE"
PSF,"Plymouth School of Flying","LIZARD"
PBD,"Pobeda","POBEDA"
POC,"Pocono Air Lines","POCONO"
PDA,"Podilia-Avia","PODILIA"
PAZ,"Point Afrique Niger","POINTAIR NIGER"
RMI,"Point Airlines","POINT AIRLINE"
PAW,"Pointair Burkina","POINTAIR BURKINA"
PTS,"Points of Call Airlines","POINTSCALL"
PAC,"Polar Air Cargo","POLAR"
PMO,"Polar Airlines de Mexico","POLAR MEXICO"
PSR,"Polestar Aviation","POLESTAR"
POT,"Polet Flight","POLET"
POF,"Police Aux Frontières","AIRPOL"
PLC,"Police Aviation Services","SPECIAL"
PLF,"Polish Air Force","POLISH AIRFORCE"
PNY,"Polish Navy","POLISH NAVY"
NRW,"Polizeifliegerstaffel Nordrhein-Westfalen","HUMMEL"
PPH,"Polizeihubschrauberstaffel Niedersachsen","POLICE PHOENIX"
PIK,"Polizeihubschrauberstaffel Sachsen-Anhalt","POLICE IKARUS"
SRP,"Polizeihubschauberstaffel Rheinland-Pfalz","SPERBER"
PBW,"Polizeihubschrauberstaffel Baden-Württemberg","BUSSARD"
EDL,"Polizeihubschrauberstaffel Bayern","POLICE EDELWEISS"
PBB,"Polizeihubschrauberstaffel Brandenburg","ADEBAR"
PHH,"Polizeihubschrauberstaffel Hessen","IBIS"
PMV,"Polizeihubschrauberstaffel Mecklenburg-Vorpommern","POLICE MERLIN"
PHS,"Polizeihubschrauberstaffel Sachsen","PASSAT"
HBT,"Polizeihubschrauberstaffel Thüringen","HABICHT"
CUK,"Polo Aviation","CHUKKA"
PLA,"Polynesian Air-Ways","POLYAIR"
PAO,"Polynesian Airlines","POLYNESIAN"
PLB,"Polynesian Blue","POLYBLUE"
PND,"Pond Air Express","POND AIR"
PSI,"Pont International Airline Services","PONT"
PLX,"Pool Aviation","POOLEX"
PTQ,"Port Townsend Airways","TOWNSEND"
POR,"Porteadora De Cosola","PORTEADORA"
PTR,"Porter Airlines","PORTER"
PGA,"Portugalia","PORTUGALIA"
AFP,"Portuguese Air Force","PORTUGUESE AIR FORCE"
POA,"Portuguese Army","PORTUGUESE ARMY"
PON,"Portuguese Navy","PORTUGUESE NAVY"
MSA,"Poste Air Cargo","AIRMERCI"
PDC,"Potomac Air","DISTRICT"
PSN,"Potosina Del Aire","POTOSINA"
PWL,"Powell Air","POWELL AIR"
PFS,"Prairie Flying Service","PRAIRIE"
PWC,"Pratt and Whitney Canada","PRATT"
PRF,"Precision Air","PRECISION AIR"
PRE,"Precision Airlines","PRECISION"
BAT,"Premiair","BALLISTIC"
PGL,"Premiair Aviation Services","PREMIERE"
PME,"Premiair Flying Club","ADUR"
EMI,"Premium Air Shuttle","BLUE SHUTTLE"
PMU,"Premium Aviation","PREMIUM"
BFA,"Presidence Du Faso",""
ONM,"Presidencia de La Republica de Guinea Ecuatorial",""
PSD,"President Airlines",""
AUH,"Presidential Flight","SULTAN"
PRD,"Presidential Aviation","PRESIDENTIAL"
PWA,"Priester Aviation","PRIESTER"
PMM,"Paradigm Air Operators","PARADIGM"
WCP,"Primaris Airlines","WHITECAP"
PMC,"Primas Courier","PRIMAC"
CRY,"Primavia Limited","CARRIERS"
PRM,"Prime Airlines","PRIME AIR"
PKZ,"Prime Aviation","PRAVI"
CME,"Prince Edward Air","COMET"
PJP,"Princely Jets","PRINCELY JETS"
PCN,"Princeton Aviation Corporation","PRINCETON"
PRY,"Priority Air Charter","PRIORITY AIR"
PAT,"Priority Air Transport","PAT"
BCK,"Priority Aviation Company","BANKCHECK"
PTI,"Privatair","PRIVATAIR"
PJE,"Private Jet Expeditions","PEE JAY"
PJA,"Private Jet Management","PRIVATE FLIGHT"
PWF,"Private Wings Flugcharter","PRIVATE WINGS"
PVG,"Privilege Style","PRIVILEGE"
PRH,"Pro Air","PROHAWK"
PSZ,"Pro Air Service","POP-AIR"
GIY,"Probiz Guinee","PROBIZ"
PAD,"Professional Express Courier Service","AIR PROFESSIONAL"
PVL,"Professione VOlare","VOLARE"
PFZ,"Proflight Zambia","PROFLIGHT-ZAMBIA"
PTT,"Promotora Industria Totolapa","TOTOLAPA"
PRO,"Propair","PROPAIR"
PPA,"Propheter Aviation","AIR PROP"
PTH,"Proteus Helicopteres","PROTEUS"
PTL,"Providence Airline","PLANTATION"
AWD,"Providence Aviation Services",""
SPR,"Provincial Airlines","SPEEDAIR"
PRV,"Provincial Express","PROVINCIAL"
PSW,"Pskovavia","PSKOVAVIA"
UDA,"Psudiklat Perhubungan Udara/PLP","UDARA"
PTA,"Ptarmigan Airways","PTARMIGAN"
PSP,"Publiservicios Aéreos","PUBLISERVICIOS"
PUV,"Publivoo","PUBLIVOO"
PNG,"Puerto Rico National Guard",""
TXV,"Puerto Vallarta Taxi Aéreo","TAXIVALLARTA"
PGH,"Pulkovo Aircraft Services",""
PLY,"Puma Linhas Aéreas","PUMA BRASIL"
PTV,"Puntavia Air Services","PUNTAVIA"
MGO,"Punto Fa","MANGO"
PYR,"Pyramid Air Lines","PYAIR"
PLK,"Pulkovo Aviation Enterprise","PULKOVO"
PRI,"Primera Air Scandinavia","PRIMERA"
PRW,"Primera Air Nordic","JETBIRD"
FQA,"Quikjet Airlines","QUIK LIFT"
QQE,"Qatar Executive","QREX"
QNT,"Qanot Sharq","QANAT SHARQ"
QFA,"Qantas","QANTAS"
QLK,"QantasLink","QLINK"
QAC,"Qatar Air Cargo","QATAR CARGO"
QTR,"Qatar Airways","QATARI"
QAF,"Qatar Amiri Flight","AMIRI"
QSM,"Qeshm Air","QESHM AIR"
QDA,"Qingdao Airlines","SKY LEGEND"
QTX,"Quantex Environmental","AIR QUANTEX"
QUE,"Quebec Government Air Service","QUEBEC"
QNA,"Queen Air","QUEEN AIR"
LBQ,"Quest Diagnostics","LABQUEST"
QAJ,"Quick Air Jet Charter","DAGOBERT"
QAH,"Quick Airways Holland","QUICK"
QAS,"Quisqueya Airlines","QUISQUEYA"
QCC,"Qwest Commuter Corporation","QWEST AIR"
QWA,"Qwestair",""
QWL,"Qwila Air","Q-CHARTER"
RBB,"Rabbit-Air","RABBIT"
ACE,"Race Cargo Airlines","Fastcargo"
GBR,"Rader Aviation","GREENBRIER AIR"
BKH,"RAF Barkston Heath",""
CFN,"RAF Church Fenton","CHURCH FENTON"
COH,"RAF Coltishall","COLT"
CBY,"RAF Coningsby","TYPHOON"
COT,"RAF Cottesmore","COTTESMORE"
CWL,"RAF Cranwell","CRANWELL"
KIN,"RAF Kinloss","KINLOSS"
LEE,"RAF Leeming","JAVELIN"
LCS,"RAF Leuchars","LEUCHARS"
LOP,"RAF Linton-on-Ouse","LINTON ON OUSE"
LOS,"RAF Lossiemouth","LOSSIE"
MRH,"RAF Marham","MARHAM"
NWO,"RAF Northwood",""
SMZ,"RAF Scampton","SCAMPTON"
STN,"RAF St Athan","SAINT ATHAN"
SMG,"RAF St Mawgan Search and Rescue",""
TOF,"RAF Topcliffe Flying Training Unit","TOPCLIFFE"
VYT,"RAF Valley Flying Training Unit","ANGLESEY"
VLL,"RAF Valley SAR Training Unit",""
WAD,"RAF Waddington","VULCAN"
WIT,"RAF Wittering","STRIKER"
MTL,"RAF-Avia","MITAVIA"
WES,"Rainbow International Airlines","WEST INDIAN"
RJT,"RA Jet Aeroservicios","RA JET"
RAJ,"Raji Airlines","RAJI"
RKM,"RAK Airways","RAKAIR"
RFA,"Raleigh Flying Service","RALEIGH SERVICE"
REX,"Ram Air Freight","RAM EXPRESS"
RMT,"Ram Aircraft Corporation","RAM FLIGHT"
PPK,"Ramp 66","PELICAN"
RGM,"Rangemile Limited","RANGEMILE"
MWR,"Raslan Air Service","RASLAN"
RAQ,"Rath Aviation","RATH AVIATION"
CSM,"Ratkhan Air","LORRY"
RVR,"Raven Air","RAVEN"
RVN,"Raven Air","RAVEN U-S"
RVF,"Ravn Alaska","RAVEN FLIGHT"
REI,"Ray Aviation","RAY AVIATION"
RYT,"Raya Jet",""
RTN,"Raytheon Aircraft Company","RAYTHEON"
RCJ,"Raytheon Corporate Jets","NEWPIN"
KSS,"Raytheon Travel Air","KANSAS"
RCB,"Real Aero Club De Baleares","BALEARES"
CDT,"Real Aero Club de Reus-Costa Dorado","AEROREUS"
RCD,"Real Aeroclub De Tenerife","AEROCLUB"
VCB,"Real Aero Club de Vizcaya",""
RLV,"Real Aviation","REAL"
LUV,"Really Cool Airlines","REALLY COOL AIRLINE"
RTO,"Rectimo Air Transports","RACCOON"
RIX,"Rectrix Aviation","RECTRIX"
PSH,"Red Aviation","PASSION"
RBN,"Red Baron Aviation","RED BARON"
DEV,"Red Devils Parachute Display Team","RED DEVILS"
RDV,"Red Sea Aviation","RED AVIATION"
RSV,"Red Sky Ventures","RED SKY"
STR,"Red Star","STARLINE"
RHC,"Redhill Aviation","REDAIR"
VRD,"Virgin America","REDWOOD"
RAV,"Reed Aviation","REED AVIATION"
REF,"Reef Air","REEF AIR"
REK,"Reem Air","REEM AIR"
RVV,"Reeve Aleutian Airways","REEVE"
RBH,"Regal Bahamas International Airways","CALYPSO"
RGY,"Regency Airlines","REGENCY"
RAH,"Regent Air","REGENT"
RGE,"Regent Airways","REGENT"
RAG,"Regio Air","GERMAN LINK"
RGR,"Region Air","REGIONAIR"
RAE,"Régional","REGIONAL EUROPE"
TSH,"R1 Airlines, previously Regional 1","TRANSCANADA"
RIL,"Regional Air",""
REW,"Regional Air Express","REGIONAL WINGS"
REG,"Regional Air Services","REGIONAL SERVICES"
RGL,"Regional Air Lines","MAROC REGIONAL"
RXA,"Rex Airlines","REX"
JJM,"Regional Geodata Air","GEODATA"
REP,"Regional Paraguaya","REGIOPAR"
CEA,"RegionsAir","CORP-X"
REL,"Reliance Aviation","RELIANCE AIR"
RLI,"Reliant Air","RELIANT"
RTS,"Relief Transport Services","RELIEF"
RAN,"Renan","RENAN"
ROA,"Reno Air","RENO AIR"
RGS,"Renown Aviation","RENOWN"
REP,"Republic Airlines","REPUBLIC"
RPA,"Republic Airways","BRICKYARD"
RPH,"Republic Express Airlines","PUBLIC EXPRESS"
RBC,"Republicair","REPUBLICAIR"
RST,"Resort Air","RESORT AIR"
RUT,"Reut Airways","YADID"
RGV,"RG Aviation",""
RDS,"Rhoades Aviation","RHOADES EXPRESS"
RIU,"Riau Airlines","RIAU AIR"
RIA,"Rich International Airways","RICHAIR"
RVC,"Richards Aviation","RIVER CITY"
RIC,"Richardson's Airway","RICHARDSON"
RCA,"Richland Aviation","RICHLAND"
WHH,"Richy Skylark",""
HPR,"Rick Lucas Helicopters","HELIPRO"
RLE,"Rico Linhas Aéreas","RICO"
RID,"Ridder Avia","AKRID"
RAK,"Riga Airclub","SPORT CLUB"
RAZ,"Rijnmond Air Services","RIJNMOND"
POL,"Rikspolisstyrelsen",""
RIM,"Rimrock Airlines","RIMROCK"
SKA,"Rio Air Express","RIO EXPRESS"
REO,"Rio Airways","RIO"
GRN,"Rio Grande Air","GRANDE"
RIO,"Rio Linhas Aéreas","RIO"
RSL,"Rio Sul Serviços Aéreos Regionais","RIO SUL"
RVM,"River Ministries Air Charter","RIVER"
RGP,"River State Government of Nigeria","GARDEN CITY"
UNR,"Rivne Universal Avia","RIVNE UNIVERSAL"
RXI,"Riyadh Air","RIYADH AIR"
RDL,"Roadair Lines","ROADAIR"
RBT,"Robinton Aero","ROBIN"
RBY,"Vision Airlines","RUBY"
ROX,"Roblex Aviation","ROBLEX"
RKW,"Rockwell Collins Avionics","ROCKWELL"
ROC,"Rocky Mountain Airlines",""
RMA,"Rocky Mountain Airways","ROCKY MOUNTAIN"
LIF,"Rocky Mountain Holdings","LIFECARE"
RDZ,"Rodze Air","RODZE AIR"
FAD,"Rog-Air","AIR FRONTIER"
RRZ,"Rollright Aviation","ROLLRIGHT"
RRL,"Rolls-Royce Limited","MERLIN"
BTU,"Rolls-Royce plc","ROLLS"
ROF,"Romanian Air Force","ROMAF"
RMV,"Romavia","AEROMAVIA"
RNS,"Ronso","RONSO"
ROR,"Roraima Airways","RORAIMA"
KRS,"Rosen Aviation",""
RNB,"Rosneft-Baltika","ROSBALT"
NRG,"Ross Aviation","ENERGY"
RFS,"Rossair",""
RSS,"Rossair","ROSS CHARTER"
ROS,"Rossair Europe","CATCHER"
SDM,"Rossiya","RUSSIA"
RAL,"Roswell Airlines","ROSWELL"
RAR,"Air Rarotonga","AIR RAROTONGA"
RTR,"Rotatur","ROTATUR"
RKT,"Rotormotion","ROCKET"
JCR,"Rotterdam Jet Center","ROTTERDAM JETCENTER"
ROV,"Rover Airways International","ROVERAIR"
VOS,"Rovos Air","ROVOS"
RCG,"Royal Air Cargo","ROYAL CARGO"
RFR,"Royal Air Force","RAFAIR"
MJN,"Royal Air Force of Oman","MAJAN"
ACW,"Royal Air Force","AIR CADET"
RRR,"Royal Air Force","ASCOT"
RRF,"Royal Air Force","KITTY"
SHF,"Royal Air Force","VORTEX"
RAX,"Royal Air Freight","AIR ROYAL"
RAM,"Royal Air Maroc","ROYALAIR MAROC"
RYL,"Royal Air Philippines","DOUBLE GOLD"
RPK,"Royal Airlines","ROYAL PAKISTAN"
RLM,"Royal American Airways","ROYAL AMERICAN"
RYL,"Royal Aruban Airlines","ROYAL ARUBAN"
ASY,"Royal Australian Air Force","AUSSIE"
RXP,"Royal Aviation Express","ROY EXPRESS"
RYB,"Royal Bahrain Airlines","ROYAL BAHRAIN"
RBA,"Royal Brunei Airlines","BRUNEI"
KDR,"Royal Daisy Airlines","DARLINES"
RGA,"Royal Ghanaian Airlines","ROYAL GHANA"
ROJ,"Royal Jet","ROYALJET"
RJA,"Royal Jordanian","JORDANIAN"
RJZ,"Royal Jordanian Air Force","JORDAN AIR FORCE"
RCT,"Skyview Airways","GREENSKY"
RKH,"Royal Khmer Airlines","KHMER AIR"
RMF,"Royal Malaysian Air Force","ANGKASA"
NVY,"Royal Navy","NAVY"
NRN,"Royal Netherland Navy","NETHERLANDS NAVY"
NAF,"Royal Netherlands Air Force","NETHERLANDS AIR FORCE"
KIW,"Royal New Zealand Air Force","KIWI"
NOW,"Royal Norwegian Air Force","NORWEGIAN"
ROP,"Royal Oman Police",""
PPW,"Royal Phnom Penh Airways","PHNOM-PENH AIR"
RRA,"Royal Rwanda Airlines","ROYAL RWANDA"
RSF,"Royal Saudi Air Force","ARSAF"
RYS,"Buzz (Polish airline)","MAGIC SUN"
RSN,"Royal Swazi National Airways","SWAZI NATIONAL"
HRH,"Royal Tongan Airlines","TONGA ROYAL"
RWE,"Royal West Airlines","ROYAL WEST"
RSB,"Rubystar","RUBYSTAR"
RLH,"Ruili Airlines","SENDI"
RMG,"Rumugu Air & Space Nigeria","RUMUGU AIR"
RUR,"Rusaero",""
KLE,"Rusaero",""
CGI,"Rusair JSAC","CGI-RUSAIR"
RUH,"Rusich-T",""
RLU,"Rusline","RUSLINE AIR"
MIG,"Russian Aircraft Corporation-MiG","MIG AVIA"
RFF,"Russian Federation Air Force","RUSSIAN AIRFORCE"
ESL,"Russian Sky Airlines","RADUGA"
RUZ,"Rusuertol","ROSTUERTOL"
RUC,"Rutaca","RUTACA"
RND,"Rutland Aviation","RUTLAND"
RUA,"Rwanda Airlines",""
RWA,"Rwanda Airways",""
RWD,"Rwandair Express","RWANDAIR"
RWL,"RWL Luftfahrtgesellschaft","RHEINTRAINER"
RYA,"Ryan Air Services","RYAN AIR"
RYN,"Ryan International Airlines","RYAN INTERNATIONAL"
RYR,"Ryanair","RYANAIR"
RUK,"Ryanair UK","BLUEMAX"
RYZ,"Ryazan State Air Enterprise","RYAZAN AIR"
RAA,"Rynes Aviation","RYNES AVIATION"
REV,"RVL Group","ENDURANCE"
BUG,"UVT Aero",""
JES,"Jetsmart Argentina","SMARTBIRD"
OMN,"Servicios Aereos Ominia","SERVIOMNIA"
SEN,"Servicios de Aviacion Sierra","SERVISIERRA"
SGC,"SGC Aviation","SAINT GEORGE"
SCJ,"Siamjet Aviation","SIAMJET"
SIX,"Sixt Rent A Car","DRIVE ORANGE"
SOG,"Solenta Aviation Ghana",""
QSR,"SR Jet","SPARKLE ROLL"
KBN,"Spiracha Aviation","KABIN"
CBN,"Southern Illinois University as ""Aviation Flight""","CARBONDALE"
IBG,"Springfield Air","ICE BRIDGE"
BZQ,"Seneca Polytechnic","STING"
BVV,"Spark+","SPARC"
SJM,"Sino Jet Management","SINO SKY"
SCH,"Seychelles Airlines","OCEAN BIRD"
SXT,"Servicios de Taxi Aereos","SERTAXI"
TGW,"Scoot","SCOOTER"
SJO,"Spring Airlines Japan","JEY SPRING"
SBD,"SIBIA Aircompany Ltd","SIBIA"
ART,"Smartlynx Airlines","SMART LYNX"
MYX,"SmartLynx Airlines Estonia","TALLINN CAT"
TVS,"Smartwings","SKYTRAVEL"
TVL,"Smartwings Hungary","TRAVEL SERVICE"
TVP,"Smartwings Poland","JETTRAVEL"
TVQ,"Smartwings Slovakia","SLOVAKTRAVEL"
DES,"Servicios Aereos Especializados Destina","DESTINA"
LSV,"Slovenian Ministry of Defence",""
FUF,"Servicios Aereos Fun Fly","SERVIFUN"
VGO,"Sabaidee Airways","VIRGO"
SAQ,"Safe Air Company",""
SMU,"Sanborn Map Company","SPRINGER"
RBR,"Siam Airnet","SIAM AIRNET"
SVB,"Siavia","SIAVIA"
MHQ,"Skargardshavets Helikoptertjanst","HELICARE"
BIS,"Sky Bishek","JUMA AIR"
SYH,"Sky Handling",""
KYE,"Sky Lease Cargo","SKY CUBE"
KPM,"Sky Prim Air","SKY PRIMAIR"
SWU,"Sky Alps","SKYALPS"
BSJ,"Skybus Jet","SKYBUS JET"
SGR,"SkyGreece Airlines","SKYGREECE"
USW,"Special Aviation Works","AKSAR"
SHA,"Sharp Airlines","SHARP"
SHA,"Shree Airlines","SHREEAIR"
AWU,"Sylt Air GmbH","SYLT-AIR"
BDS,"South Asian Airlines","SOUTH ASIAN"
SZB,"Samoa Air","SAMOA"
BEC,"State Air Company Berkut",""
RZO,"SATA International","AIR AZORES"
SAA,"South African Airways","SPRINGBOK"
KYD,"Sky Messaging","SKYAD"
SAB,"Sky Way Air","SKY WORKER"
SKV,"Sky Regional Airlines","MAPLE"
SAC,"SASCO Airlines","SASCO"
SAG,"SOS Flygambulans","MEDICAL AIR"
SAH,"Sayakhat Airlines","SAYAKHAT"
SAI,"Shaheen Air","SHAHEEN AIR"
SAM,"SAM Colombia","SAM"
SAN,"Servicios Aéreos Nacionales (SAN)","AEREOS"
SAO,"Sahel Aviation Service","SAVSER"
ANX,"Secretaria de Marina","SECRETARIA DEMARINA"
SAQ,"Springbank Aviation","SPRINGBANK"
SAS,"Scandinavian Airlines","SCANDINAVIAN"
SAV,"Samal Air",""
SAW,"Cham Wing Airlines","SHAMWING"
SAX,"Sabah Air","SABAH AIR"
SAY,"Suckling Airways","SUCKLING"
SAZ,"Swiss Air-Ambulance","SWISS AMBULANCE"
SBA,"SOL Linhas Aéreas","SOL"
SGU,"Sol del Paraguay","SOLPARAGUAYO"
SBA,"STA-MALI","STA-MALI"
SBB,"Steinman Aviation","SABER EXPRESS"
TUX,"Tunisair Express","TUNEXPRESS"
SBF,"Seven Bar Flying Service","SEVENAIR"
SBG,"Sabre Incorporated",""
SBI,"S7 Airlines","SIBERIAN AIRLINES"
SBL,"Sobel Airlines of Ghana","SOBGHANA"
SBM,"SkyBahamas","SKY BAHAMAS"
SBO,"Stabo Air","STABAIR"
SBQ,"SmithKline Beecham Clinical Labs","SKIBBLE"
SBR,"Saber Aviation","FREIGHTER"
SBS,"Seaborne Airlines","SEABORNE"
SBU,"St Barth Commuter","BLACK FIN"
URJ,"Star Air","STARAV"
SDG,"Star Air (India)","HISTAR"
SJX,"Starlux Airlines","STARWALKER"
SBZ,"Scibe Airlift","SCIBE AIRLIFT"
AME,"Spanish Air Force","AIRMIL"
SCA,"South Central Air","SOUTH CENTRAL"
SCC,"SeaCoast Airlines","SEA-COASTER"
SQH,"SeaPort Airlines (2008–2016)","SASQUATCH"
SCE,"Grand Canyon Scenic Airlines","SCENIC"
SCF,"Socofer","SOCOFER"
SCI,"Servicios Aéreos San Cristóbal","SAN CRISTOBAL"
SCK,"Sky Cam","SKYCAM"
SCL,"Switfair Cargo","SWIFTAIR"
SCB,"Saigon Capital Aircraft Management","SAIGON"
SCN,"South American Airlines","SOUTH AMERICAN"
AHI,"Servicios Aéreos de Chihuahua Aerochisa","AEROCHISA"
AND,"Servicios Aéreos de los Andes","SERVI ANDES"
SCP,"Scorpio Aviation","SCORPIO"
SCQ,"OSM Aviation Academy","SCAVAC"
SIC,"SFS Aviation","SICHART"
SCR,"Silver Cloud Air","SILVER CLOUD"
SCS,"South African Non Scheduled Airways","SOUTHERN CHARTERS"
SCT,"SAAB-Aircraft","SAAB-CRAFT"
SCV,"Servicios Aéreos Del Centro","SACSA"
SCX,"Sun Country Airlines","SUN COUNTRY"
SDA,"St. Andrews Airways","SAINT ANDREWS"
SDB,"Sukhoi Design Bureau Company","SU-CRAFT"
SDC,"Sunrise Airlines","SUNDANCE"
SDD,"Skymaster Air Taxi","SKY DANCE"
SDE,"Air Partners Corp.","STAMPEDE"
SDF,"Sundorph Aeronautical Corporation","SUNDORPH"
SDH,"Servicio De Helicopteros","ARCOS"
SDK,"SADELCA Ltda.","SADELCA"
SDL,"Skydrift","SKYDRIFT"
SDN,"Spirit of Africa Airlines","BLUE NILE"
SDU,"Sud Airlines","SUD LINES"
SDV,"Servicios Aéreos Del Vaupes","SELVA"
SDX,"Servicio Tecnico Aero De Mexico","SERVICIO TECNICO"
SDZ,"Sudan Pezetel for Aviation","SUDANA"
SEA,"Southeast Air","SOUTHEAST AIR"
SEB,"Servicios Aéreos Luce","SERVILUCE"
SED,"Sedona Air Center","SEDONA AIR"
SEE,"Shaheen Air Cargo","SHAHEEN CARGO"
SEH,"Sky Express","AIR CRETE"
SEJ,"Spicejet","SPICEJET"
SEK,"Skyjet","SKALA"
SEL,"Sentel Corporation","SENTEL"
SEO,"Selcon Airlines","SELCON AIR"
SEQ,"Sky Eyes","SKY EYES"
SES,"Servicio Aéreo Saltillo","SERVISAL"
SET,"SAETA Air Ecuador","SAETA"
SEV,"Serair Transworld Press","CARGOPRESS"
SFA,"SEFA","SEFA"
SFC,"Shuswap Flight Centre","SHUSWAP"
SFE,"Sefofane Air Charters","SEFOFANE"
SFF,"Safewings Aviation Company","SWIFTWING"
SFG,"Sun Freight Logistics","AERO GULF"
SFJ,"StarFlyer","STARFLYER"
SFL,"Southflight Aviation","SOUTHFLIGHT"
SFN,"Safiran Airlines","SAFIRAN"
SFP,"Safe Air","SAFE AIR"
SFR,"Safair","CARGO"
SFS,"Southern Frontier Airlines","SOUTHERN FRONTIER"
SFT,"Skyfreight","SKYFREIGHT"
SFU,"Solent Flight","SAINTS"
SFX,"S.K. Logistics","SWAMP FOX"
SGB,"Songbird Airways, Inc.","SONGBIRD"
SGC,"Southern Right Air Charter","SOUTHERNRIGHT"
SGD,"Skygate International Aviation","AIR BISHKEK"
SGF,"STAC Swiss Government Flights","STAC"
SGH,"Servisair","SERVISAIR"
SGI,"Servicios Aéreos Agrícolas","SERAGRI"
SGK,"Skyward Aviation","SKYWARD"
SGM,"Sky Aircraft Service","SIGMA"
SGN,"Siam GA","SIAM"
SGP,"Sagolair Transportes Ejecutivos","SAGOLAIR"
SGS,"Saskatchewan Government Executive Air Service","SASKATCHEWAN"
SGT,"Skygate","SKYGATE"
SGU,"Samgau","RAUSHAN"
SGX,"Saga Airlines",""
SGY,"Skagway Air Service","SKAGWAY AIR"
SHB,"Shabair","SHABAIR"
SHC,"Sky Harbor Air Service","SKY HARBOR CHEYENNE"
SHD,"Sahara Airlines",""
SHE,"Shell Aircraft","SHELL"
SHG,"Shoprite Group","SHOP AIR"
SHJ,"Sharjah Ruler's Flight","SHARJAH"
SHK,"Shorouk Air",""
SHL,"Samson Aviation","SAMSON"
SHM,"Sheltam Aviation","SHELTAM"
SHN,"Shaheen Airport Services","SUGAR ALFA"
SHO,"Sheremetyevo-Cargo",""
SHP,"Service Aerien Francais","SAF"
SHQ,"Shanghai Airlines Cargo","SHANGHAI CARGO"
SHR,"Shooter Air Courier","SHOOTER"
SHS,"Shura Air Transport Services","SHURA AIR"
SHU,"Sakhalinskie Aviatrassy (SAT)","SATAIR"
SAT,"SATA Air Acores","SATA"
SHV,"Shavano Air","SHAVANO"
SHW,"Shawnee Airline","SHAWNEE"
SHX,"Slim Aviation Services","SLIM AIR"
SHY,"Sky Airlines","ANTALYA BIRD"
SIA,"Singapore Airlines","SINGAPORE"
SIB,"Sibaviatrans","SIBAVIA"
SIE,"Sierra Express","SEREX"
SIH,"Skynet Airlines","BLUEJET"
SIJ,"Seco International",""
SIL,"Silver Airways","SILVER WINGS"
SIL,"Servicios Aeronáuticos Integrales","SERVICIOS INTEGRALES"
SIM,"Star Air",""
SIO,"Sirio (airline)","SIRIO"
SIR,"Salair","SALAIR"
SIS,"Saber Airlines",""
SIT,"SITA",""
SIV,"Slovenian Armed Forces","SLOVENIAN"
SIW,"Sirio Executive","SIRIO EXECUTIVE"
SJA,"Servicios Aéreos Especiales De Jalisco","SERVICIOJAL"
SJC,"Servicios Ejecutivos Continental","SERVIEJECUTIVO"
SJE,"Sunair 2001","SUNBIZ"
SJJ,"Spirit Aviation","SPIRIT JET"
SJL,"Servicios Especiales Del Pacifico Jalisco","SERVICIOS JALISCO"
SJT,"Swiss Jet","SWISS JET"
SJY,"Sriwijaya Air","SRIWIJAYA"
SMY,"Sama Airlines","NAJIM"
ALC,"Southern Jersey Airways, Inc.","ACOM"
SPS,"Spark Shuttle","Spark Shuttle"
SPT,"Speed Aviation","SPEED AVIATION"
SPU,"Southeast Airmotive","SPUTTER"
SPV,"Servicios Privados De Aviación","SERVICIOS PRIVADOS"
SPW,"Speedwings","SPEEDWING"
SPX,"Spark Express (Glow)",""
SQA,"Slovak National Aeroclub","SLOVAK AEROCLUB"
SQC,"Singapore Airlines Cargo","SINGCARGO"
SQF,"Slovak Air Force","SLOVAK AIRFORCE"
SQL,"Servicos De Alquiler","ALQUILER"
SRA,"Sair Aviation","SAIR"
SRC,"Searca","SEARCA"
SRH,"Siem Reap Airways","SIEMREAP AIR"
SRK,"Sky Work Airlines","SKYFOX"
SRL,"Swedline Express","Starline"
SRL,"Servicios Aeronáuticos Aero Personal","SERVICIOS PERSONAL"
SRN,"Sirair","SIRAIR"
SRN,"SprintAir","SPRINTAIR"
SRO,"Servicios Aéreos Ejecutivos Saereo","SAEREO"
SRQ,"Cebgo","BLUE JAY"
SRS,"Selkirk Remote Sensing","PHOTO CHARLIE"
SRU,"Star Up","STAR-UP"
SRW,"Sarit Airlines","SARIA"
SRX,"Sierra Expressway Airlines","SIERRA EX"
SRZ,"Strato Air Services","STRATO"
SSB,"Sasair","SASIR"
SSC,"Southern Seaplane","SOUTHERN SKIES"
SSD,"Star Service International","STAR SERVICE"
SSE,"Servicios Aéreos Sunset","SUNSET"
SSF,"Severstal Air Company","SEVERSTAL"
SSG,"Slovak Government Flying Service","SLOVAK GOVERNMENT"
BBB,"SwedJet Airways","BLACKBIRD"
SSK,"Skystar International","SKYSTAR"
SSO,"Special Scope Limited","DOPE"
SSP,"Starspeed","STARSPEED"
SSQ,"Sunstate Airlines","SUNSTATE"
SSR,"Sardinian Sky Service","SARDINIAN"
SSS,"SAESA","SAESA"
SST,"Sunwest Airlines","SUNFLIGHT"
SSU,"SASCA","SASCA"
SSV,"Skyservice Airlines","SKYTOUR"
SSW,"Streamline Aviation","STREAMLINE"
SSY,"Sky Aviation","SIERRA SKY"
SSZ,"Specsavers Aviation","SPECSAVERS"
STA,"Star Aviation","STAR"
STB,"Status-Alpha Airline","STATUS-ALPHA"
STC,"Stadium City Limited","STADIUM"
STD,"Servicios De Aerotransportacion De Aguascalientes","AERO AGUASCALINETES"
STE,"Semitool Europe","SEMITRANS"
STF,"SFT-Sudanese Flight",""
STG,"Sedalia, Marshall, Boonville Stage Line","STAGE"
STH,"South-Airlines",""
STI,"Sontair","SONTAIR"
STJ,"Sella Aviation","STELLAVIA"
STK,"Stobart Air","STOBART"
STL,"Stapleford Flight Centre","STAPLEFORD"
STO,"Streamline Ops","SLOPS"
STQ,"Star Air","STERA"
STU,"Servicios de Transportes Aéreos Fueguinos","FUEGUINO"
STU,"Star African Air","STARSOM"
SUU,"Star West Aviation","SUNSTAR"
STV,"Saturn Aviation","SATURN"
STW,"South West Air Corporation","SIERRA WHISKEY"
STX,"Stars Away Aviation","STARSAWAY"
STY,"Styrian Airways","STYRIAN"
SUA,"Silesia Air","AIR SILESIA"
SUB,"Suburban Air Freight","SUB AIR"
SUD,"Sudan Airways","SUDANAIR"
SUF,"Sun Air (Fiji)","SUNFLOWER"
FDY,"Sun Air International","FRIENDLY"
SUG,"Sunu Air","SUNU AIR"
SUH,"Sun Light","LIGHT AIR"
SUI,"Swiss Air Force","SWISS AIR FORCE"
SUK,"Superior Aviation Services","SKYCARGO"
SUM,"State Unitary Air Enterprise","SUMES"
SUR,"Sun Air",""
SUS,"Sun-Air of Scandinavia","SUNSCAN"
SUT,"Summit Air","SUMMIT"
URF,"Surf Air","SURF AIR"
SUT,"Sistemas Aeronauuticos 2000","SISTEMAS AERONAUTICOS"
SUV,"Sundance Air","DANCEAIR"
SVA,"Saudia","SAUDIA"
SVD,"St. Vincent Grenadines Air (1990)","GRENADINES"
SVF,"Swedish Armed Forces","SWEDEFORCE"
AWJ,"Sahel Airlines","SAHEL AIRLINES"
SVH,"Sterling Helicopters","SILVER"
SVI,"Servicios De Transporte Aéreo","SETRA"
SVJ,"Silver Air",""
SVL,"Sevastopol-Avia","SEVAVIA"
SVN,"Savanair (Angola)","SAVANAIR"
SVO,"Servicios Aeronáuticos de Oriente","SERVIORIENTE"
SVS,"Servicios Aéreos Saar","AEREOS SAAR"
SVT,"Seven Four Eight Air Services","SIERRA SERVICES"
SVX,"Security Aviation","SECURITY AIR"
SWA,"Southwest Airlines","SOUTHWEST"
SWB,"Swissboogie Parapro","SWISSBOOGIE"
SWC,"South West Air","SAINT CLAIR"
SWD,"Southern Winds Airlines","SOUTHERN WINDS"
SWE,"Swedeways","SWEDELINE"
SWG,"Sunwing Airlines","SUNWING"
SWI,"Sunworld Airlines","SUNWORLD"
SWJ,"StatesWest Airlines","STATES"
SWO,"Surinam International Victory Airline","SIVA"
SWP,"Star Work Sky","STAR WORK"
SWQ,"Swift Air (Interstate Equipment Leasing)","SWIFTFLIGHT"
SWR,"Swiss International Air Lines","SWISS"
SWR,"Swissair","SWISSAIR"
SDR,"Sundair","SUNDAIR"
SWS,"Sunwest Aviation (Lindquist Investment)","SUNNY WEST"
SWT,"Swiftair","SWIFT"
SWU,"Swiss Global Air Lines","EUROSWISS"
SWV,"Swe Fly","FLYING SWEDE"
SWW,"Shovkoviy Shlyah","WAY AERO"
SWX,"Swazi Express Airways","SWAZI EXPRESS"
WSW,"Swoop","SWOOP"
SWY,"Sky Jet","SWISSLINK"
SWZ,"Servair, Private Charter","SWISSBIRD"
SWZ,"Skywise Airline","SKYWISE"
SXA,"Southern Cross Aviation","FERRY"
SXC,"Sky Exec Aviation Services","SKY EXEC"
SXE,"Southeast Express Airlines","DOGWOOD EXPRESS"
SXM,"Servicios Aéreos Especializados Mexicanos","SERVIMEX"
SXS,"SunExpress","SUNEXPRESS"
SXT,"Servicios De Taxi Aéreo","SERTA"
SXX,"Satellite Aero","SATELLITE EXPRESS"
SXY,"Safari Express Cargo","SAFARI EXPRESS"
SYA,"Skyways","LINEAS CARDINAL"
SYC,"Systec 2000","SYSTEC"
SYE,"Sheba Aviation",""
SYF,"Sky One Express Airlines","SKY FIRST"
SYG,"Synergy Aviation","SYNERGY"
SYI,"Sonalysts",""
SYJ,"Slate Falls Airways",""
SYK,"Satsair","AEROCAB"
SYN,"Syncrude Canada","SYNCRUDE"
SYR,"Syrian Arab Airlines","SYRIANAIR"
SYS,"Shawbury Flying Training Unit","SHAWBURY"
SYV,"Special Aviation Systems","SPECIAL SYSTEM"
SYX,"Skywalk Airlines","SKYWAY-EX"
AZQ,"Silk Way Airlines","SILK LINE"
AZG,"Silk Way West Airlines","SILK WEST"
SYY,"South African Historic Flight","SKY COACH"
SZT,"Servicios Aeronáuticos Z","AERO ZEE"
BHV,"Specavia Air Company","AVIASPEC"
BLY,"Starair","BLARNEY"
BNC,"Sundance Air","BARNACLE AIR"
BRZ,"Samara Airlines","BERYOZA"
RBG,"Air Arabia Egypt","ARABIA EGYPT"
CBN,"Swedish Civil Aviation Administration","CALIBRATION"
CDG,"Shandong Airlines","SHANDONG"
CDS,"Spectrem Air","SPECDAS"
CEE,"Servicios Aéreos Centrales","CENTRA AEREOS"
CFL,"Swedish Airlines","SWEDISH"
CGL,"Seagle Air","SEAGLE"
CIG,"Sirius-Aero","SIRIUS AERO"
CNK,"Sunwest Home Aviation","CHINOOK"
CNO,"SAS Braathens","SCANOR"
CQH,"Spring Airlines","AIR SPRING"
CSC,"Sichuan Airlines","SI CHUAN"
CSH,"Shanghai Airlines","SHANGHAI AIR"
CSY,"Shuangyang General Aviation","SHUANGYANG"
CSZ,"Shenzhen Airlines","SHENZHEN AIR"
CXI,"Corendon Airlines Europe","TOURIST"
DKT,"Sioux Falls Aviation","DAKOTA"
DKY,"Servicios Aéreos Elite","DAKOY"
DNI,"Servicios Aéreos Denim","AERO DENIM"
EAB,"Swiss Eagle","SWISS EAGLE"
EAN,"Skypower Express Airways","NIGERIA EXPRESS"
ENR,"Scenic Air",""
ERO,"Sun D'Or","ECHO ROMEO"
ESK,"SkyEurope","RELAX"
EXL,"Sunshine Express Airlines",""
EXY,"South African Express","EXPRESSWAYS"
FFD,"Stuttgarter Flugdienst","FIRST FLIGHT"
FFH,"Shalom Air Services","PEACE AIR"
FJE,"Silverjet","ENVOY"
FLH,"Sky Bus","MILE HIGH"
GAD,"South Coast Aviation","SOUTHCOAST"
GDE,"Servicios Aéreos Gadel","GADEL"
GDG,"S.P. Aviation","GOLDEN GATE"
GIK,"Seba Airlines","SEBA"
GNA,"Servicios Aéreos Gana","SERVIGANA"
GSW,"Sky Wings Airlines",""
GXL,"Star XL German Airlines","STARDUST"
HAU,"Skyhaul","SKYHAUL"
HIP,"Starship","STARSA"
HJE,"Servicios Ejecutivos Gosa","GOSA"
HKA,"Superior Aviation","SPEND AIR"
HLO,"Samaritan Air Service","HALO"
SJB,"SKS Airways","SOUTHER TIGER"
HRI,"Skyraidybos Mokymo Centras","HELIRIM"
HSK,"Sky Europe Airlines","MATRA"
HSV,"Svenska Direktflyg","HIGHSWEDE"
HSY,"Sky Helicopteros","HELISKY"
IGA,"Skytaxi","IGUANA"
IJS,"Silvair",""
ILS,"Servicios Aéreos Ilsa","SERVICIOS ILSA"
INK,"Sincom-Avia","SINCOM AVIA"
IRV,"Safat Airlines","SAFAT AIR"
IRZ,"Saha Airlines Services","SAHA"
JAM,"Sunline Express","SUNTRACK"
JCM,"Secure Air Charter","SECUREAIR"
JIM,"Sark International Airways","SARK"
JKK,"Spanair","SPANAIR"
KKS,"Salem","KOKSHE"
KOP,"Servicios Aéreos Copters","COPTERS"
KSP,"Servicios Aéreos Expecializados En Transportes Petroleros","SAEP"
KYR,"Sky Aeronautical Services","SKY AERONAUTICAL"
LGU,"Servicios Aéreos Ejecutivos De La Laguna","LAGUNA"
LLA,"Servico Leo Lopex","LEO LOPOZ"
LLS,"Servicios Aéreos Estrella","SERVIESTRELLA"
LMG,"South African Air Force","SOUTH AFRICAN"
LMO,"Sky One Holdings as Privaira","SKY HOLDINGS"
LRS,"Sansa",""
LSP,"Spectrum Aviation Incorporated","AIR TONY"
MCG,"SOS Helikoptern Gotland","MEDICOPTER"
MDT,"Sundt Air","MIDNIGHT"
MLO,"Servicios Aéreos Milenio","MILENIO"
MMS,"SAAD (A320) Limited","MUSAAD AIR"
MRI,"Servicios Aéreos Moritani","MORITANI"
MRR,"San Juan Airlines","MARINER"
MSG,"Servico Aéreo Regional","SAR-REGIONAL"
MSP,"Servicio De Vigilancia Aérea Del Ministerio De Seguridad Pública","SEGURIDAD"
MTG,"Servicios Aéreos MTT",""
APD,"Sabre Pacific",""
SBW,"Snowbird Airlines","SNOWMAN"
NAD,"Seulawah Nad Air","SEULAWAH"
NAZ,"Servicios Aéreos del Nazas S.A. de C.V.","NAZAS"
NCS,"Simpson Air Ltd","COMMUTER-CANADA"
NKS,"Spirit Airlines","SPIRIT WINGS"
NON,"Servicios Aéreos Latinoamericanos","SERVICIOS LATINO"
NRZ,"Servicios Aéreos Monarrez","MONARREZ"
NSC,"Societe De Transport Aerien De Mauritanie","TRANS-SOCIETE"
NSE,"SATENA","SATENA"
NTB,"Servicios Aéreos Del Norte","SERVINORTE"
NTG,"Servicios Integrales De Aviación","INTEGRALES"
OKS,"Slok Air Gambia","SLOK GAMBIA"
OKT,"Soko Aviation","SOKO AIR"
OLC,"Solar Cargo","SOLARCARGO"
OLO,"Soloflight Aviation","SOLO"
ONG,"Sonnig SA","SONNIG"
OSL,"Sosoliso Airlines","SOSOLISO"
OSS,"Servicios Aéreos Noticiosos","NOTICIOSOS"
OTL,"South Airlines","SOUTHLINE"
VOZ,"Virgin Australia Regional Airlines","VELOCITY"
PIV,"Sokol","AEROSOKOL"
PLT,"South Carolina Aeronautics Commission","PALMETTO"
PMR,"Servicios Aéreos Premier","SERVICIOS PREMIER"
PNS,"Survey Udara (Penas)","PENAS"
POB,"Servicios Aéreos Poblanos","POBLANOS"
PSV,"Servicios Aéreos Profesionales","PROSERVICIOS"
PTM,"Southeastern Airways","POSTMAN"
PUR,"Spurwing Airlines","SPURWING"
PZR,"Sky Trek International Airlines","PHAZER"
RBW,"Shandong Airlines Rainbow Jet","CAI HONG"
REJ,"SA Airlink Regional","REGIONAL LINK"
RER,"Servicio Aéreo Regional Regair","REGAIR"
RFT,"Scoala Superioara De Aviatie Civila","ROMANIAN ACADEMY"
RGC,"Servicios Aéreos Regiomontanos","REGIOMONTANO"
RLS,"S-Air","S-AIRLINES"
RMP,"Servicios De Rampa Y Mostrador","SERAMSA"
RSE,"SNAS Aviation","RED SEA"
SKB,"Skybus Airlines","SKYBUS"
SKC,"Skymaster Airlines","SKYMASTER AIR"
SKD,"Sky Harbor Air Service","SKY DAWG"
SKE,"Sky Tours","SKYISLE"
AZG,"Sakaviaservice","SAKSERVICE"
SKF,"Skycraft","SKYCRAFT"
SKG,"Skycraft Air Transport","SKYCRAFT-CANADA"
SKI,"SkyKing Turks and Caicos Airways","SKYKING"
SKK,"Skylink Aviation","SKYLINK"
SKL,"Skycharter (Malton)","SKYCHARTER"
SKN,"Skyline Aviation Services","SKYLINER"
SKO,"Scottish Airways Flyers","SKYWORK"
SKR,"Skyscapes Air Charters","SKYSCAPES"
SKS,"Sky Service","SKY SERVICE"
SKS,"Sky Link Aviation",""
BBR,"Santa Barbara Airlines","SANTA BARBARA"
SKT,"SkyStar Airways","SKY YOU"
SKU,"Sky Airline","AEROSKY"
SKW,"SkyWest Airlines","SKYWEST"
SKX,"Skyways Express","SKY EXPRESS"
SKY,"Skymark Airlines","SKYMARK"
SKZ,"Skyway Enterprises","SKYWAY-INC"
SLA,"Sierra National Airlines","SELAIR"
SLB,"Slok Air","SLOK AIR"
SLD,"Silver Air","SILVERLINE"
SLE,"Streamline","SLIPSTREAM"
SLF,"Starfly","ELISTARFLY"
SLG,"Saskatchewan Government","LIFEGUARD"
SLH,"Silverhawk Aviation","SILVERHAWK"
AGE,"Servicios Aéreos de Los Ángeles","AEROANGEL"
SLK,"SilkAir","SILKAIR"
SLL,"Slovak Airlines","SLOV LINE"
SLM,"Surinam Airways","SURINAM"
SLN,"Sloane Aviation","SLOANE"
SLP,"Salpa Aviation","SALPA"
SLS,"Servicios Aéreos Slainte","SERVICIOS SLAINTE"
SLV,"Stella Aviation","AVISTELLA"
SLW,"Salama Airlines Nigeria","SALMA AIR"
SLX,"Sete Linhas Aéreas","SETE"
SLY,"Sky Line for Air Services","SKYCO"
SLZ,"Super Luza","LUZA"
SMA,"SMA Airlines","SESAME"
SMC,"Sabang Merauke Raya Air Charter","SAMER"
SMD,"Servicios Aéreos La Marquesa","SERVICIOS MARQUESA"
SME,"Semos","SEMICH"
SMF,"Smalandsflyg","GORDON"
SMH,"Smithair","SMITHAIR"
SMK,"Semeyavia","ERTIS"
SML,"Smith Air (1976)","SMITH AIR"
SMQ,"Samar Air","SAMAR AIR"
SMR,"Somon Air","SOMON AIR"
SMT,"Skyline","SKYLIMIT"
AOS,"Servicios Aéreos Del Sol, S.A. de C.V.","AEROSOL"
SNA,"Senator Aviation Charter","SENATOR"
SNB,"Sterling Airlines","STERLING"
SNE,"Servicios Aéreos De Nicaragua (SANSA)","SANSA"
SNF,"Shans Air","SHANS AIR"
SNH,"Senair Services","SENSERVICE"
SNI,"Savanah Airlines","SAVANAHLINE"
SNJ,"Solaseed Air","NEWSKY"
SNK,"Southeast Airlines (Sun Jet International)","SUN KING"
SNL,"Soonair Lines","SOONAIR"
SNM,"Servizi Aerei","SERVIZI AEREI"
SNP,"Sun Pacific International","SUN PACIFIC"
SNQ,"Sun Quest Executive Air Charter","EXECU-QUEST"
SNS,"Societe Centrafricaine De Transport Aerien",""
SNT,"Suncoast Aviation","SUNCOAST"
SNU,"Snunit Aviation",""
SNV,"Sudanese States Aviation","SUDANESE"
SNW,"Sun West Airlines","SUN WEST"
SNX,"Sun Air Aviation Services","SUNEX"
SOB,"Stabo Freight","STABO"
SOC,"Southern Cargo Air Lines",""
SOH,"Southern Ohio Aviation Sales","SOUTHERN OHIO"
SOI,"Southern Aviation","SOAVAIR"
SOL,"Solomon Airlines","SOLOMON"
SOM,"Somali Airlines","SOMALAIR"
SON,"Sunshine Air Tours","SUNSHINE TOURS"
SOO,"Southern Air","SOUTHERN AIR"
SOP,"Solinair","SOLINAIR"
SOR,"Sonair Servico Aéreo","SONAIR"
SOT,"Southeast Correct Craft","SOUTH COURIER"
SOU,"Southern Airways","SOUTHERN EXPRESS"
SOV,"Saratov Airlines Joint Stock Company","SARATOV AIR"
SOW,"Sowind Air","SOWIND"
SOW,"White Sparrow GmbH","SPARROW"
SOX,"Solid Air","SOLIDAIR"
SOZ,"Sat Airlines","SATCO"
SPA,"Sierra Pacific Airlines","SIERRA PACIFIC"
SPB,"Springbok Classic Air","SPRING CLASSIC"
SPC,"Spark Air Cargo","Spark Cargo"
SPE,"Sprague Electric Company","SPRAGUE"
SPF,"Space World Airline","SPACE WORLD"
SPG,"Springdale Air Service","SPRING AIR"
SPH,"Sapphire Executive Air","SAPPHIRE-CHARTER"
SPI,"South Pacific Island Airways","SOUTH PACIFIC"
SPK,"Spark Airlines","SPARK"
SPL,"Servicios Corporativos Aéreos De La Laguna","CORPORATIVOS LAGUNA"
SPN,"Skorpion Air","AIR SKORPIO"
SPP,"Sapphire Aviation","SAPPHIRE"
SPQ,"Servicios Aéreos Palenque","SERVICOS PALENQUE"
TBS,"Servicios Aéreos Tribasa","TRIBASA"
TCF,"Shuttle America","MERCURY"
SVV,"SALTAVIATION","SALT"
TGT,"SAAB Nyge Aero","TARGET"
THB,"Spark Air","THAI SABAI"
TIH,"S C Ion Tiriac","TIRIAC AIR"
TRL,"Starlite Aviation","STARSTREAM"
TRN,"Servicios Aéreos Corporativos","AEROTRON"
TTM,"Societe Tout Transport Mauritanien","TOUT-AIR"
TZU,"Servicios Aéreos Tamazula","TAMAZULA"
UGP,"Shar Ink","SHARINK"
UKU,"Second Sverdlovsk Air Enterprise","PYSHMA"
UNT,"Servicios Aéreos Universitarios","UNIVERSITARIO"
USK,"Skif-Air","SKIF-AIR"
USN,"Smarkand Aero Servise","SAMAS"
UZS,"Samarkand Airways","SOGDIANA"
VDO,"Servicios Aéreos Avandaro","AVANDARO"
VGS,"Stichting Vliegschool 16Hoven","SMART"
VRB,"Silverback Cargo Freighters","SILVERBACK"
VRS,"Sirvair","VAIRSA"
VSV,"SCAT Airlines","VLASTA"
VXN,"Sunset Aviation","VIXEN"
TWY,"Sunset Aviation, LLC","TWILIGHT"
WCC,"Sport Air Travel","WEST COAST"
WFC,"Swift Copters","SWIFTCOPTERS"
WLK,"Skyrover CC","SKYWATCH"
XLK,"Safarilink Aviation","SAFARILINK"
XMX,"SENEAM","SENEAM"
XPG,"Southport Air Service",""
XSA,"Spectrum Air Service",""
XSN,"Stephenville Aviation Services",""
XTA,"Servicios Aéreos Textra","TEXTRA"
XTR,"Sector Airlines","EXTER"
XXS,"Skyplan Services",""
YBE,"Stewart Aviation Services","YELLOW BIRD"
SXN,"SaxonAir","SAXONAIR"
CSS,"SF Airlines","SHUN FENG"
SAF,"Singapore Air Force","SINGA"
KFE,"SkyFirst LTD","SKYFIRST"
SQP,"SkyUp","SKYUP"
LLC,"Small Planet Airlines","SMALL PLANET"
LLP,"Small Planet Airlines","SKYPOL"
LLI,"Small Planet Airlines","AURIGA"
LLX,"Small Planet Airlines","GERMANJET"
ALK,"SriLankan Airlines","SRILANKAN"
SRR,"Star Air","WHITESTAR"
HCW,"Star1 Airlines","STAR1"
TLK,"Starlink Aviation","STARLINK"
UFA,"State Flight Academy of Ukraine","FLIGHT ACADEMY"
CDL,"Sunbird Airlines","CAROLINA"
SXD,"Sunexpress Deutschland","SUNRISE"
AAS,"Sunshine Airlines",""
OSY,"Open Skies Consultative Commission","OPEN SKIES"
DTA,"TAAG Angola Airlines","DTA"
IRF,"TA-Air Airline","TA-AIR"
TBI,"TAB Express International","TAB INTERNATIONAL"
TBM,"Taban Air Lines","TABAN AIR"
THO,"TACA De Honduras","LEMPIRA"
TCV,"TACV","CABOVERDE"
TDC,"Tadair","TADAIR"
TES,"Taespejo Portugal LDA","Tesaban"
HET,"TAF Helicopters","HELITAF"
TSD,"TAF-Linhas Aéreas","TAFI"
SBT,"Taftan Airlines","TAFTAN"
FPG,"TAG Aviation","TAG AVIATION"
TGM,"TAG Aviation Espana","TAG ESPANA"
VIP,"Tag Aviation UK","SOVEREIGN"
TAG,"TAG Aviation USA","TAG U-S"
FBO,"TAG Farnborough Airport",""
TWI,"Tailwind Airlines","TAILWIND"
TIN,"Taino Tours","TAINO"
TFB,"Tair Airways","ROYAL TEE-AIR"
TJK,"Tajikair","TAJIKAIR"
TZK,"Tajikistan International Airlines","TAJIKISTAN"
TKE,"Take Air Line","ISLAND BIRD"
JEL,"Tal Air Charters","JETEL"
TAL,"Talair","TALAIR"
TFF,"Talon Air","TALON FLIGHT"
LAP,"TAM Mercosur","PARAGUAYA"
TAE,"TAME","TAME"
TMI,"Tamir Airways","TAMIRWAYS"
TPA,"TAMPA","TAMPA"
TNR,"Tanana Air Services","TAN AIR"
TDM,"Tandem Aero","TANDEM"
HTO,"Tango Bravo","HELI TANGO"
TAP,"TAP Portugal","AIR PORTUGAL"
UTM,"TAPC Aviatrans Aircompany","AVIATAPS"
TPS,"TAPSA Transportes Aéreos Petroleros","TAPSA"
TQN,"Taquan Air Services","TAQUAN"
THC,"Tar Heel Aviation","TARHEEL"
TPL,"TAR Interpilot","INTERPILOT"
IRR,"Tara Air Line","TARAIR"
TTH,"Tarhan Tower Airlines",""
ROT,"Tarom","TAROM"
RMS,"Tas Aviation","TASS AIR"
CTP,"Tashkent Aircraft Production Corporation","CORTAS"
TMN,"Tasman Cargo Airlines","TASMAN"
DTH,"Tassili Airlines","TASSILI AIR"
PGS,"Tauranga Aer Club",""
TVR,"Tavrey Airlines","TAVREY"
TQE,"Taxair Mexiqienses","TAXAIR"
TXL,"Taxi Aéreo Cozatl","TAXI COZATL"
TXM,"Taxi Aéreo de México","TAXIMEX"
TUO,"Taxi Aéreo Turístico","TURISTICO"
XNR,"Taxi Aero Del Norte","TAXI NORTE"
TDV,"Taxi Aero Nacional Del Evora","TAXI EVORA"
TRF,"Taxi Air Fret","TAXI JET"
VRC,"Taxi de Veracruz","VERACRUZ"
TXR,"Taxirey","TAXIREY"
TPR,"Taxis Aéreos De Parral","TAXIS PARRAL"
TXO,"Taxis Aéreos de Sinaloa","TAXIS SINALOA"
TNE,"Taxis Aéreos del Noroeste","TAXINOROESTE"
TPF,"Taxis Aéreos del Pacífico","TAXIPACIFICO"
TMH,"Taxis Turisticos Marakame","TAXIMARAKAME"
TYF,"Tayflite","TAYFLITE"
TFY,"Tayside Aviation","TAYSIDE"
VNZ,"Tbilaviamsheni","TBILAVIA"
RRY,"Tbilisi Aviation University","AIRFERRY"
TCD,"Tchad Airlines","TCHADLINES"
TIM,"TEAM Linhas Aéreas","TEAM BRASIL"
TLW,"Teamline Air","Teamline"
TEM,"Tech-Mont Helicopter Company","TECHMONT"
TEF,"Tecnicas Fotograficas","TECFOTO"
TBN,"Teebah Airlines","TEEBAH"
THR,"Tehran Airline","TEHRAN AIR"
CYF,"Tel Aviv Air","TUS AIR"
TCM,"Teledyne Continental Motors","TELEDYNE"
TLX,"Telesis Transair","TELESIS"
TEL,"Telford Aviation","TELFORD"
TDE,"Tellavia / Flight One","TELLURIDE"
DOT,"Telnic Limited","DOT TEL"
TEH,"Tempelhof Airways","TEMPELHOF"
TMS,"Temsco Helicopters","TEMSCO"
TNL,"Tengeriyn Ulaach Shine","SKY HORSE"
TEB,"Tenir Airlines","TENIR AIR"
TNG,"Tennessee Air National Guard 164th Airlift Group",""
TEN,"Tennessee Airways","TENNESSEE"
TET,"Tepavia-Trans Airlines","TEPAVIA"
TER,"Territorial Airlines","TERRI-AIRE"
TIS,"Tesis","TESIS"
TXZ,"Tex Star Air Freight","TEX STAR"
TXA,"Texair Charter","OKAY AIR"
TXT,"Texas Air Charters","TEXAS CHARTER"
TXS,"Texas Airlines","TEXAIR"
CWT,"Texas Airways","TEXAS AIRWAYS"
TXN,"Texas National Airlines","TEXAS NATIONAL"
TEZ,"TezJet","Tezjet"
TGC,"TG Aviation","THANET"
TCG,"Thai Air Cargo","THAI CARGO"
AIQ,"Thai AirAsia","THAI ASIA"
TAX,"Thai AirAsia X","EXPRESS WING"
THA,"Thai Airways International","THAI"
TSL,"Thai Aviation Services","THAI AVIATION"
TFH,"Thai Flying Helicopter Service","THAI HELICOPTER"
TFT,"Thai Flying Service","THAI FLYING"
THG,"Thai Global Airline","THAI GLOBAL"
THJ,"Thai Jet Intergroup","THAI JET"
TLM,"Thai Lion Mentari","MENTARI"
TPV,"Thai Pacific Airlines Business","THAI PACIFIC"
LLR,"Thai Sky Airlines","THAI SKY AIR"
THD,"Thai Smile Airways","THAI SMILE"
TSX,"Thai Star Airlines","THAI STAR"
TVJ,"Thai Vietjet Air","THAIVIET JET"
GFN,"The 955 Preservation Group","GRIFFON"
LEG,"The Army Aviation Heritage Foundation","LEGACY"
LCC,"The Lancair Company","LANCAIR"
TCW,"Thomas Cook Airlines","KESTREL"
TCX,"Thomas Cook Airlines","KESTREL"
IHS,"Thryluthjonustan",""
THU,"Thunder Airlines","AIR THUNDER"
TBD,"Thunderbird Tours","ORCA"
BLI,"Thyssen Krupp AG","BLUELINE"
GCR,"Tianjin Airlines","BO HAI"
TNM,"Tiara Air","TIARA"
TBA,"Tibet Airlines","TIBET"
TIK,"Tic Air","TICAIR"
TJN,"Tien-Shan","NERON"
TGG,"Tigerair Australia","TIGGOZ"
MDL,"Tigerair Mandala","MANDALA"
TGW,"Tigerair Singapore","GO CAT"
TTW,"Tigerair Taiwan","SMART CAT"
MOH,"Tigerfly","MOTH"
TKC,"Tikal Jets Airlines","TIKAL"
TMR,"Timberline Air","TIMBER"
TIE,"Time Air","TIME AIR"
BOX,"Tiphook PLC","BOX"
TVI,"Tiramavia","TIRAMAVIA"
AWC,"Titan Airways","ZAP"
TYJ,"TJS Malta Ltd.","TYROLMALTA"
TSR,"TJS San Marino S.r.L.","SAN MARINO"
TLS,"TLC Air","TEALSY"
TMM,"TMC Airlines","WILLOW RUN"
TAY,"TNT Airways","QUALITY"
NTR,"TNT International Aviation","NITRO"
TBX,"Tobago Express","TABEX"
TOB,"Tobruk Air","TOBRUK AIR"
TOJ,"TOJ Airlines","TOJ AIRLINE"
TOL,"Tol-Air Services","TOL AIR"
TMK,"Tomahawk Airways","TOMAHAWK"
TOP,"Top Air","AIR TOP"
CHE,"Top Flight Air Service","CHECK AIR"
TLY,"Top Fly","TOPFLY"
LKW,"Top Sky International","TOPINTER"
TPD,"Top Speed","TOP SPEED"
TTL,"Total Linhas Aéreas","TOTAL"
TOT,"Totavia",""
THE,"Toumai Air Tchad","TOUMAI AIR"
THF,"Touraine Helicoptere","TOURAINE HELICO"
TOW,"Tower Air","TEE AIR"
TOY,"Toyota Canada","TOYOTA"
TGE,"Trabajos Aéreos","TASA"
AIM,"Trabajos Aéreos Murcianos","PIJO"
TVH,"Trabajos Aéreos Vascongados","TRAVASA"
TDR,"Trade Air","TRADEAIR"
GPD,"Tradewind Aviation","GOODSPEED"
TDX,"Tradewinds Airlines","TRADEWINDS EXPRESS"
TWL,"Tradewinds Aviation","TRADEWINDS CANADA"
JCH,"Trading Air Cargo","TRADING CARGO"
TDO,"TRADO","TRADO"
TRG,"TRAGSA (Medios Aéreos)",""
HBA,"Trail Lake Flying Service","HARBOR AIR"
TMQ,"TRAM","TRAM AIR"
TMX,"Tramon Air","TRAMON"
TRR,"Tramson Limited","TRAMSON"
MUI,"Trans Air","MAUI"
TRC,"Trans Air Charter","TRACKER"
TWW,"Trans Air Welwitchia","WELWITCHIA"
TNB,"Trans Air-Benin","TRANS-BENIN"
RTM,"Trans Am Compania","AERO TRANSAM"
CLR,"Trans America","CLINTON AIRWAYS"
TVA,"Trans America Airlines","TRANS-AMERICA"
TPU,"Trans American Airlines (Trans Am)","TRANS PERU"
TRT,"Trans Arabian Air Transport","TRANS ARABIAN"
SRT,"Trans Asian Airlines","TRASER"
TLL,"Trans Atlantic Airlines","ATLANTIC LEONE"
LTA,"Trans Atlantis","LANTRA"
TCC,"Trans Continental Airlines","TRANSCAL"
TCN,"Trans Continental Airlines","TRANSCON"
TRJ,"Trans Euro Air","HIGH TIDE"
TGY,"Trans Guyana Airways","TRANS GUYANA"
THZ,"Trans Helicoptere Service","LYON HELIJET"
TIA,"Trans International Airlines","TRANS INTERNATIONAL"
BAP,"Trans International Express Aviation","BIG APPLE"
TRD,"Trans Island Air","TRANS ISLAND"
SWL,"Trans Jet Airways","TRANSJET"
TMA,"Trans Mediterranean Airlines","TANGO LIMA"
TMT,"Trans Midwest Airlines","TRANS MIDWEST"
TNW,"Trans Nation Airways","TRANS-NATION"
TNT,"Trans North Turbo Air","TRANS NORTH"
REC,"Trans Reco","TRANS-RECO"
SBJ,"Trans Sahara Air","TRANS SAHARA"
TSM,"Trans Sayegh Airport Services",""
LOF,"Trans States Airlines","WATERSKI"
TWA,"Trans World Airlines","TWA"
RBD,"Trans World Express","RED BIRD"
TSO,"Transaero Airlines","TRANSOVIET"
TNF,"Transafricaine","TRANSFAS"
TCG,"Transafricaine Air Cargo","AFRICARGO"
TFK,"Transafrik International",""
TSA,"Transair France","AIRTRAF"
TGX,"Transair Gabon","TRANSGABON"
TNI,"Transair International Linhas Aéreas","TRANSINTER"
TSN,"Trans-Air Services","AIR TRANS"
TSG,"Trans-Air-Congo","TRANS-CONGO"
KTS,"Transair-Gyraintiee","KOTAIR"
GJB,"Trans-Air-Link","SKY TRUCK"
TWM,"Transairways",""
UTT,"Transarabian Transportation Services","ARABIAN TRANSPORT"
TNA,"TransAsia Airways",""
AUC,"Transaustralian Air Express","AUSCARGO"
VEN,"Transaven","TRANSAVEN AIRLINE"
TVF,"Transavia France","FRANCE SOLEIL"
TRA,"Transavia Holland","TRANSAVIA"
KTB,"Transaviabaltika","TRANSBALTIKA"
TXC,"TransAVIAexport Airlines","TRANSEXPORT"
FNV,"Transaviaservice","TRANSAVIASERVICE"
TVO,"Transavio","TRANS-BALLERIO"
TBA,"Transbrasil","TRANSBRASIL"
TIW,"Transcarga Intl Airways","TIACA"
TCE,"Trans-Colorado Airlines","TRANS-COLORADO"
TCH,"Transcontinental Air","TRANS GULF"
KRA,"Transcontinental Airlines","REGATA"
TCT,"Transcontinental Sur","TRANS-CONT"
TCP,"Transcorp Airways","TRANSCORP"
TEP,"Transeuropean Airlines","TRANSEURLINE"
TFA,"Trans-Florida Airlines","TRANS FLORIDA"
TCU,"Transglobal Airways Corporation","TRANSGLOBAL"
TXE,"Transilvania Express","TRANSAIR EXPRESS"
KCA,"Trans-Kiev","TRANS-KIEV"
TLA,"Translift Airways","TRANSLIFT"
TMD,"Transmandu","TRANSMANDU"
TMD,"Transmed Airlines",""
TRZ,"TransMeridian Airlines","TRANS-MERIDIAN"
RMY,"Raya Airways","TRANSMILE"
TNV,"Transnorthern","TRANSNORTHERN"
TPP,"Transpac Express","TRANS EXPRESS"
PCW,"Trans-Pacific Orient Airways","PACIFIC ORIENT"
TPM,"Transpaís Aéreo","TRANSPAIS"
TNP,"Transped Aviation","TRANSPED"
TRM,"Transport Aerien de Mauritanie","SOTRANS"
TLF,"Transport Africa","TRANS-LEONE"
TGO,"Transport Canada","TRANSPORT"
TFI,"Transport Facilitators",""
TQR,"Transportación Aérea De Querétaro","TRANSQUERETARO"
MCT,"Transportación Aérea Del Mar De Cortés","TRANS CORTES"
TPN,"Transportación Aérea del Norte","AEREA DELNORTE"
TTR,"Transportaciones Y Servicios Aéreos","TRANSPORTACIONES"
TSI,"Transport'air","TRANSPORTAIR"
TCB,"Transporte Aereo De Colombia","AERO COLOMBIA"
TAD,"Transporte Aéreo Dominicano","TRANS DOMINICAN"
TZE,"Transporte Aéreo Ernesto Saenz","TRANSPORTE SAENZ"
TTS,"Transporte Aéreo Técnico Ejecutivo","TECNICO"
MGM,"Transporte Aero MGM","AERO EMM-GEE-EMM"
TMZ,"Transporte Amazonair","TRANS AMAZON"
TCB,"Transporte del Caribe","TRANSCARIBE"
EAR,"Transporte Ejecutivo Aéreo","EJECUTIVO-AEREO"
TPT,"Transportes Aéreo del Sureste","TASSA"
MPO,"Transportes Aéreos Amparo","AMPARO"
BOL,"Transportes Aéreos Bolivianos","BOL"
TDI,"Transportes Aéreos de Ixtlán","TRANSIXTLAN"
TPX,"Transportes Aéreos De Xalapa","TRANSXALAPA"
TMY,"Transportes Aéreos del Mundo Maya","MUNDO MAYA"
TFO,"Transportes Aéreos del Pacífico","TRANSPORTES PACIFICO"
DCL,"Transportes Aéreos Don Carlos","DON CARLOS"
ROU,"Transportes Aéreos I. R. Crusoe","ROBINSON CRUSOE"
TSP,"Transportes Aéreos Inter","TRANSPO-INTER"
MXQ,"Transportes Aéreos Mexiquenses","MEXIQUENSES"
TAN,"Transportes Aéreos Nacionales",""
ELV,"Transportes Aéreos Nacionales De Selva Tans","AEREOS SELVA"
TPG,"Transportes Aéreos Pegaso","TRANSPEGASO"
TGI,"Transportes Aéreos Regionales","TRANSPORTE REGIONAL"
SRF,"Transportes Aéreos San Rafael","SAN RAFEAL"
RRT,"Transportes Aéreos Sierra","SIERRA ALTA"
SEI,"Transportes Aéreos Sierra Madre","TRANSPORTE SIERRA"
TAU,"Transportes Aéreos Tauro","TRANSTAURO"
TPZ,"Transportes La Paz","TRANSPAZ"
TML,"Transports et Travaux Aériens de Madagascar","TAM AIRLINE"
TPY,"Trans-Provincial Airlines","TRANS PROVINCIAL"
TTC,"Transteco","TRANSTECO"
UTN,"Trans-Ulgii","TRANS-ULGII"
TWE,"Transwede Airways","TRANSWEDE"
ABS,"Transwest Air","ATHABASKA"
TRW,"Transwestern Airlines of Utah","TRANS-WEST"
TSW,"Transwings","SWISSTRANS"
TST,"TRAST","TRAST"
TSJ,"Trast Aero","TRAST AERO"
TSK,"Trast Aero","TOMSK-AVIA"
TAX,"Travel Air","TRAVELAIR"
TIC,"Travel International Air Charters","TRAVEL INTERNATIONAL"
TMC,"Travel Management Company","TRAIL BLAZER"
TLV,"Travelair","PAJAROS"
TDA,"Trend Aviation","TREND AIR"
TNX,"Trener Ltd","TRAINER"
TRU,"Triangle Airline (Uganda)","TRI AIR"
SWD,"Trifly","SAWBLADE"
TGN,"Trigana Air Service","TRIGANA"
TMG,"Tri-MG Intra Asia Airlines","TRILINES"
TBH,"Trinity Air Bahamas",""
TIB,"TRIP Linhas Aéreas","TRIP"
CLU,"Triple Alpha","CAROLUS"
TTP,"Triple O Aviation","MIGHTY WING"
TSY,"Tristar Air","TRIPLE STAR"
TRY,"Tristar Airlines","TRISTAR AIR"
TSS,"Tri-State Aero","TRI-STATE"
DRC,"Triton Airlines","TRITON AIR"
TSV,"Tropair Airservices","TROPIC"
TOS,"Tropic Air","TROPISER"
TRO,"Tropic Airlines-Air Molokai","MOLOKAI"
TBG,"Tropical Airways",""
TKX,"Tropical International Airways","TROPEXPRESS"
TCA,"Tropican Air Services","TROPICANA"
TYG,"Trygg-Flyg","TRYGG"
TDS,"Tsaradia","TSARADIA"
PSS,"TSSKB-Progress","PROGRESS"
TTA,"TTA - Sociedade de Transporte e Trabalho Aéreo","KANIMANBO"
TBR,"Tubelair","TUBELAIR"
TOM,"TUI Airways","TOM JET"
JAF,"TUI fly Belgium","BEAUTY"
TUI,"TUI fly Deutschland","TUI JET"
TFL,"TUI fly Netherlands","ORANGE"
BLX,"TUI fly Nordic","BLUESCAN"
TLP,"Tulip Air","TULIPAIR"
TUL,"Tulpar Air","URSAL"
TUX,"Tulpar Air Service","TULPA"
TUZ,"Tuna Aero","TUNA"
TUX,"Tuninter",""
TAR,"Tunisair","TUNAIR"
TAJ,"Tunisavia","TUNISAVIA"
URN,"Turan Air","TURAN"
TBC,"Turbine Air Cargo UK",""
TAC,"Turbot Air Cargo","TURBOT"
TRQ,"Turdus Airways","HUNTER"
TUC,"Turismo Aéreo de Chile","TURICHILE"
THK,"Turk Hava Kurumu Hava Taksi Isletmesi","HUR KUS"
THS,"Turkish Aerospace Industries","TUSAS"
HVK,"Turkish Air Force","TURKISH AIRFORCE"
THY,"Turkish Airlines","TURKISH"
TRK,"Turkish Airlines General Aviation","TURKISH REPUBLIC"
TUA,"Turkmenistan Airlines","TURKMENISTAN"
TLT,"Turtle Airways","TURTLE"
USB,"Tusheti","TUSHETI"
TWB,"T'way Air","TWAYAIR"
TWO,"Twente Airlines","COLIBRI"
TCY,"Twin Cities Air Service","TWIN CITY"
TJT,"Twin Jet","TWINJET"
TNY,"Twin Town Leasing Company","TWINCAL"
TWJ,"Twinjet Aircraft Sales",""
TYW,"Tyrol Air Ambulance","TYROL AMBULANCE"
TYR,"Tyrolean Airways","TYROLEAN"
TJS,"Tyrolean Jet Services","TYROLJET"
TUM,"Tyumenspecavia","TUMTEL"
TKK,"flyADVANCED","TARKA"
UEU,"United European Airlines","UNITED EUROPEAN"
UCG,"Uniworld Air Cargo","UNIWORLD"
CUH,"Urumqi Airlines","LOULAN"
DOD,"USAF Air Mobility Operations Control Center",""
DOI,"U.S. Department of the Interior","INTERIOR"
CNV,"U.S. Navy Reserve Logistic Air Forces","CONVOY"
EXM,"United Kingdom Civil Aviation Authority","EXAM"
GIH,"Union des Transports Africains de Guinee","TRANSPORT AFRICAIN"
GKA,"US Army Parachute Team","GOLDEN KNIGHTS"
GWY,"USA3000 Airlines","GETAWAY"
UIA,"UNI Air","GLORY"
UAB,"United Arabian Airlines","UNITED ARABIAN"
UAL,"United Airlines","UNITED"
UBD,"United Airways","UNITED BANGLADESH"
UAC,"United Air Charters","UNITAIR"
UCS,"United Carriers Systems","UNITED CARRIERS"
UEA,"United Eagle Airlines","UNITED EAGLE"
UFS,"United Feeder Service","FEEDER EXPRESS"
CFU,"United Kingdom Civil Aviation Authority","MINAIR"
KRF,"United Kingdom Royal VIP Flights","KITTYHAWK"
KRH,"United Kingdom Royal VIP Flight","SPARROWHAWK"
SDS,"United Kingdom Civil Aviation Authority","STANDARDS"
TQF,"United Kingdom Royal VIP Flights","RAINBOW"
CGX,"United States Coast Guard Auxiliary","COASTGUARD AUXAIR"
AGR,"United States Department Of Agriculture","AGRICULTURE"
UAD,"University Air Squadron",""
UAJ,"University Air Squadron",""
UAA,"University Air Squadron",""
UAS,"University Air Squadron",""
HBU,"Universal Avia","KHARKIV UNIVERSAL"
HLE,"UK HEMS","HELIMED"
JUS,"USA Jet Airlines","JET USA"
LEA,"Unijet","LEADAIR"
MSH,"US Marshals Service","MARSHALAIR"
NDU,"University of North Dakota","SIOUX"
PNA,"Universal Airlines","PACIFIC NORTHERN"
RAU,"Uganda Royal Airways","UGANDA ROYAL"
SAU,"United Aviation Services","UNISERVE"
SVR,"Ural Airlines","SVERDLOVSK AIR"
TRB,"Ukraine Transavia","KIROVTRANS"
UAF,"United Arab Emirates Air Force","UNIFORCE"
UAI,"Union Africaine des Transports","UNAIR"
UCC,"Uganda Air Cargo","UGANDA CARGO"
UCH,"US Airports Air Charter","US CHARTER"
UCO,"Ucoaviacion","UCOAVIACION"
UES,"Ues-Avia Aircompany","AVIASYSTEM"
UGA,"Uganda Airlines (1976–2001)","UGANDA"
UGD,"Uganda Airlines","CRESTED"
UGC,"Urgemer Canarias","URGEMER"
UHL,"Ukrainian Helicopters","UKRAINE COPTERS"
UHS,"Ulyanovsk Higher Civil Aviation School","PILOT AIR"
UJR,"Universal Jet Rental de Mexico","UNIVERSAL JET"
UJT,"Universal Jet Aviation","UNI-JET"
UKI,"UK International Airlines","KHALIQ"
UKL,"Ukraine Air Alliance","UKRAINE ALLIANCE"
UKM,"UM Airlines","UKRAINE MEDITERRANEE"
UKN,"Ukraine Air Enterprise","ENTERPRISE UKRAINE"
UKP,"National Police Air Service","POLICE"
UKS,"Ukrainian Cargo Airways","CARGOTRANS"
ULT,"Ultrair","ULTRAIR"
ULH,"Ultimate HELI","ULTIMATEHELI"
ULR,"Ultimate Air","VIPER"
ULS,"Ultra Air","AIR ULTRA"
UNF,"Union Flights","UNION FLIGHTS"
UNJ,"Universal Jet","PROJET"
UNS,"Unsped Paket Servisi","UNSPED"
UNU,"Unifly Servizi Aerei","UNIEURO"
UPL,"Ukrainian Pilot School","PILOT SCHOOL"
UPS,"United Parcel Service","UPS"
URV,"Uraiavia","URAI"
AWE,"US Airways","CACTUS"
UBG,"US-Bangla Airlines","BANGLA STAR"
USF,"USAfrica Airways","AFRICA EXPRESS"
USH,"US Helicopter","US-HELI"
USJ,"US Jet","USJET"
USX,"US Express","AIR EXPRESS"
UTN,"Skyline Express","Skyline Express Airline"
TUM,"UTAir","UTAIR-CARGO"
UTA,"UTair Aviation","UTAIR"
UTR,"Utair South Africa","AIRUT"
UTS,"Ukrainian State Air Traffic Service Enterprise","AIRRUH"
UTU,"Urartu-Air",""
UVA,"Universal Airways","UNIVERSAL"
UVG,"Universal Airlines","GUYANA JET"
UVM,"Uvavemex","UVAVEMEX"
AIO,"United States Air Force","AIR CHIEF"
UVN,"United Aviation","UNITED AVIATION"
UZB,"Uzbekistan Airways","UZBEK"
AUI,"Ukraine International Airlines","UKRAINE INTERNATIONAL"
WEC,"Universal Airlines","AIRGO"
QID,"USAF 100th Air Refueling Wing","QUID"
UIT,"University of Tromsø School of Aviation","ARCTIC"
UNO,"United Nations","UNITED NATIONS"
VNL,"Vanilla Air","VANILLA"
VAG,"Vietravel Airlines","VIETRAVEL AIR"
VAI,"Volant Aviation International",""
VAR,"Veca Airlines","VECA"
VLR,"Volare 22 X","VOLAX"
VDR,"Voldirect","VOLDIR"
VVV,"Valair Aviação Lda","VALAIRJET"
VIV,"VivaAerobus","VIVA"
VIL,"V I Airlink","TURTLE DOVE"
VOZ,"Virgin Australia","VELOCITY"
VBA,"V Bird Airlines Netherlands","VEEBEE"
WIW,"V-avia Airline","VEE-AVIA"
VBD,"V-Berd-Avia","VEEBIRD-AVIA"
VAC,"Vacationair","VACATIONAIR"
RDW,"Valair AG (Helicoptere)","ROADWATCH"
VLA,"Valan International Cargo Charter","NALAU"
VLN,"Valan Limited","VALAN"
EHR,"Valfell-Verkflug","ROTOR"
VLU,"Valuair","VALUAIR"
VJA,"ValuJet Airlines","CRITTER"
VJA,"Vista America","ICONIC"
VAA,"Van Air Europe","EUROVAN"
VGC,"Vanguardia en Aviación en Colima","VANGUARDIA COLIMA"
VGD,"Vanguard Airlines","VANGUARD AIR"
VRH,"Varesh Airlines","SKY VICTOR"
VFC,"Vietnam Air Services Company (VASCO)","VASCO AIR"
VAG,"Vega","SEGA"
WGA,"Vega Air Company","WEGA FRANKO"
WEL,"Veles, Ukrainian Aviation Company","VELES"
VTX,"Verataxis","VERATAXIS"
BTP,"Veritair","NET RAIL"
VAL,"Voyageur Airways","VOYAGEUR"
GRV,"Vernicos Aviation","NIGHT RIDER"
HVN,"Vietnam Airlines","VIET NAM"
TMB,"Volato","Tombo"
KWA,"Vozdushnaya Academy","VOZAIR"
MOV,"VIM Airlines","MOV AIR"
MVY,"VIM-Aviaservice",""
ENV,"Victoria Aviation","ENDEAVOUR"
VCT,"Viscount Air Service","VISCOUNT AIR"
SSI,"Vision Airlines","SUPER JET"
FXF,"VIP Air Charter","FOX FLIGHT"
PAV,"VIP Avia","NICOL"
PRX,"VIP Avia","PAREX"
VAT,"Visionair","VISIONAIR"
VCA,"VICA - Viacao Charter Aéreos","VICA"
VCM,"Volare Air Charter Company","CARMEN"
VOI,"Volaris","VOLARIS"
VDA,"Volga-Dnepr Airlines","VOLGA"
VEA,"Vega Airlines","VEGA AIRLINES"
VEC,"Venescar Internacional","VECAR"
VEE,"Victor Echo","VICTOR ECHO"
VEI,"Virgin Express Ireland","GREEN ISLE"
VJC,"Vietjet Air","VIETJET"
VES,"Vieques Air Link","VIEQUES"
VEX,"Virgin Express","VIRGIN EXPRESS"
VFT,"VZ Flights","ZETA FLIGHTS"
VGN,"Virgin Nigeria Airways","VIRGIN NIGERIA"
VGV,"Vologda State Air Enterprise","VOLOGDA AIR"
VHA,"VH-Air Industrie","AIR V-H"
VHM,"VHM Schul-und-Charterflug","EARLY BIRD"
VIB,"Vibroair Flugservice","VITUS"
VIC,"VIP Servicios Aéreos Ejecutivos","VIP-EJECUTIVO"
VIE,"VIP Empresarial","VIP EMPRESARIAL"
VIF,"VIF Luftahrt","VIENNA FLIGHT"
VIG,"Vega Aviation","VEGA AVIATION"
VIH,"Vichi","VICHI"
VIK,"Viking Airlines","SWEDJET"
VIN,"Vinair Aeroserviços","VINAIR"
VIR,"Virgin Atlantic","VIRGIN"
VJM,"Viajes Ejecutivos Mexicanos","VIAJES MEXICANOS"
VJT,"Vistajet","VISTA"
VJT,"VistaJet","VISTA MALTA"
VVM,"Viva Macau","JACKPOT"
VLE,"C.A.I. Second","VOLA"
VLG,"Vueling Airlines","VUELING"
VLK,"Vladivostok Air","VLADAIR"
VLO,"Varig Logística","VELOG"
VLT,"Vertical-T Air Company","VERTICAL"
VMA,"Vero Monmouth Airlines","VERO MONMOUTH"
VNK,"Vipport Joint Stock Company",""
VOA,"Viaggio Air","VIAGGIO"
VOG,"Voyager Airlines","VOYAGER AIR"
VQI,"Villa Air","VILLA AIR"
VPA,"Vipair Airlines","VIAIR"
VPB,"Veteran Air","VETERAN"
VPV,"VIP-Avia","VIP AVIA"
VRA,"Vertair","VERITAIR"
VRE,"Volare Airlines","UKRAINE VOLARE"
VRL,"Voar Lda","VOAR LINHAS"
VRN,"Varig","VARIG"
VVC,"Viva Air Colombia","Viva Air Colombia"
VSB,"Vickers Limited","VICKERS"
VSN,"Vision Airways Corporation","VISION"
VSO,"Voronezh Aircraft Manufacturing Society","VASO"
VSP,"VASP","VASP"
VSS,"Virgin Islands Seaplane Shuttle","WATERBIRD"
VTC,"Vuelos Especializados Tollocan","VUELOS TOLLOCAN"
VTH,"Vuelos Corporativos de Tehuacan","VUELOS TEHUACAN"
VOE,"Volotea","VOLOTEA"
VTK,"Vostok Airlines","VOSTOK"
VTL,"Victor Tagle Larrain","VITALA"
VTV,"Vointeh","VOINTEH"
VUR,"VIP Ecuador","VIPEC"
VUS,"Vuela Bus","VUELA BUS"
VZL,"Vzlyet","VZLYET"
VLM,"VLM Airlines","RUBENS"
WCY,"Viking Express","TITAN AIR"
WEV,"Victoria International Airways","VICTORIA UGANDA"
WLG,"Air Volga","GOUMRAK"
VNR,"Viennair","VIENNAIR"
VTI,"Vistara","Vistara"
WDL,"WDL Aviation","WDL"
WRR,"WRA Inc","WRAP AIR"
XWS,"WSI Corporation",""
CGG,"Walmart Aviation","CHARGE"
WAS,"Walsten Air Services","WALSTEN"
GOT,"WaltAir","GOTHIC"
WPT,"Wapiti Aviation","WAPITI"
WAV,"Warbelow's Air Ventures","WARBELOW"
ATX,"Warwickshire Aerocentre Ltd.","AIRTAX"
WSG,"Wasaya Airways","WASAYA"
WTC,"Weasua Air Transport Company","WATCO"
WEB,"WebJet Linhas Aéreas","WEB-BRASIL"
TDB,"Welch Aviation","THUNDER BAY"
WLC,"Welcome Air","WELCOMEAIR"
BLW,"Wermlandsflyg AB","BLUESTAR"
WCB,"West Africa Airlines","KILO YANKEE"
WTF,"West African Air Transport","WESTAF AIRTRANS"
WSF,"West African Airlines",""
WAC,"West African Cargo Airlines","WESTAF CARGO"
WLX,"West Air Luxembourg","WEST LUX"
SWN,"West Atlantic Sweden","AIR SWEDEN"
WCW,"West Caribbean Airways","WEST"
WCR,"West Caribbean Costa Rica","WEST CARIBBEAN"
YWZ,"West Coast Air","COAST AIR"
WCG,"West Coast Airlines","WHISKY INDIA"
WCA,"West Coast Airways","WEST-LEONE"
WCC,"West Coast Charters","WEST COAST"
TEE,"West Freugh DTEO","TEEBIRD"
WEW,"West Wind Aviation","WESTWIND"
WJA,"WestJet","WESTJET"
WAA,"Westair Aviation","WESTAIR WINGS"
WSC,"Westair Cargo Airlines","WESTCAR"
PCM,"Westair Industries","PAC VALLEY"
BLK,"Westcoast Energy","BLUE FLAME"
STT,"Western Aircraft, Inc","SAWTOOTH"
WST,"Western Air","WESTERN BAHAMAS"
NPC,"Western Air Couriers","NORPAC"
WAE,"Western Air Express","WESTERN EXPRESS"
WAL,"Western Airlines","WESTERN"
WAL,"Western Arctic Air","WESTERN ARCTIC"
WTV,"Western Aviators","WESTAVIA"
AAE,"Western Express Air","ARIZONA"
WES,"Western Express Air Lines","WEST EX"
WGN,"Western Global Airlines","WESTERN GLOBAL"
KMR,"Western Pacific Airlines","KOMSTAR"
WPA,"Western Pacific Airservice","WESTPAC"
WSL,"Westflight Aviation","WEST LINE"
WSA,"Westgates Airlines","WESTATES"
WHE,"Westland Helicopters","WESTLAND"
WTP,"Westpoint Air","WESTPOINT"
WWD,"Westward Airways","WESTWARD"
WHT,"White","WHITEJET"
WEA,"White Eagle Aviation","WHITE EAGLE"
WRA,"White River Air Services",""
WWL,"Whyalla Airlines",""
WIF,"Widerøe","WIDEROE"
WAA,"Wien Air Alaska","WIEN"
WIG,"Wiggins Airways","WIGGINS AIRWAYS"
WHS,"Wiking Helikopter Service","WEEKING"
WFO,"Wilbur's Flight Operations","WILBURS"
WGP,"Williams Grand Prix Engineering","GRAND PRIX"
WDA,"Wimbi Dira Airways","WIMBI DIRA"
WNA,"Winair","WINAIR"
JET,"Wind Jet","GHIBLI"
WSI,"Wind Spirit Air","WIND SPIRIT"
QGA,"Windrose Air","QUADRIGA"
WIA,"Winair","WINDWARD"
WON,"Wings Air","WINGS ABADI"
WAT,"Wings Air Transport",""
WAW,"Wings Airways","WING SHUTTLE"
WOL,"Wings Aviation","WINGJET"
WEX,"Wings Express","WINGS EXPRESS"
WLB,"Wings of Lebanon Aviation","WING LEBANON"
WIN,"Winlink","WINLINK"
WAG,"Wisconsin Air National Guard",""
WSM,"Wisman Aviation","WISMAN"
WVL,"Wizz Air Bulgaria","WIZZBUL"
WZZ,"Wizz Air","WIZZAIR"
WMT,"Wizz Air Malta","WIZZ AIR MALTA"
WUK,"Wizz Air UK","WIZZ GO"
WNR,"Wondair on Demand Aviation","WONDAIR"
CWY,"Woodgate Aviation","CAUSEWAY"
WOA,"World Airways","WORLD"
XWW,"World Weatherwatch",""
WWM,"World Wing Aviation","MANAS WING"
CSW,"SW Italia","SILKITALIA"
WWS,"Worldwide Aviation Services",""
WWI,"Worldwide Jet Charter","WORLDWIDE"
WOW,"WOW air","WOW air"
WRT,"Wright Airlines","WRIGHT-AIR"
WRF,"Wright Air Service","WRIGHT FLYER"
CWU,"Wuhan Airlines","WUHAN AIR"
WYC,"Wycombe Air Centre","WYCOMBE"
WYG,"Wyoming Airlines","WYOMING"
WAN,"Wataniya Airways","WATANIYA"
VNR,"Wan Air","WANAIR"
WEN,"WestJet Encore","ENCORE"
JES,"JetSmart Argentina","SMARTBIRD"
XJE,"X-Jet",""
XAB,"Xabre Aerolineas","AERO XABRE"
XAE,"Xair","AURA"
XJC,"XJC Limited","EXCLUSIVE JET"
XER,"Xerox Corporation","XEROX"
XRC,"Express Air Cargo","TUNISIA CARGO"
CXA,"Xiamen Airlines","XIAMEN AIR"
CXJ,"Xinjiang Airlines","XINJIANG"
XJT,"Xjet Limited","XRAY"
SEU,"XL Airways France","STARWAY"
GXL,"XL Airways Germany","STARDUST"
XOJ,"XOJet","EXOJET"
XPS,"XP International","XP PARCEL"
XAR,"XpressAir","XPRESS"
RAG,"Xstrata Nickel (Raglan Mine)","RAGLAN"
DGA,"Yellow River Delta General Aviation","YELLOW RIVER"
YRG,"Yak Air","YAKAIR GEORGIA"
AKY,"Yak-Service","YAK-SERVICE"
YAK,"Yakolev","YAK AVIA"
LLM,"Yamal Airlines","YAMAL"
SYL,"Yakutia Airlines","AIR YAKUTIA"
CYG,"Yana Airlines","VICAIR"
AYG,"Yangon Airways","AIR YANGON"
YZR,"Suparna Airlines","YANGTZE RIVER"
LYH,"Yankee Lima Helicopteres","HELIGUYANE"
MHD,"Yas Air Kish","YAS AIR"
EMJ,"Yellow Air Taxi/Friendship Airways",""
ELW,"Yellow Wings Air Services","YELLOW WINGS"
IYE,"Yemenia","YEMENI"
ERV,"Yerevan-Avia","YEREVAN-AVIA"
NYT,"Yeti Airlines","YETI AIRLINES"
YFS,"Young Flying Service","YOUNG AIR"
AYU,"Yuhi Air Lines",""
AYE,"Yunnan Yingan Airlines","AIR YING AN"
TUD,"Yute Air Alaska","TUNDRA"
UGN,"Yuzhnaya Aircompany","PLUTON"
UMK,"Yuzhmashavia","YUZMASH"
BZE,"Zenith Aviation","ZENSTAR"
AZB,"Zaab Air","ZAAB AIR"
AZJ,"Zas Air",""
AZR,"Zenith Air","ZENAIR"
CDC,"Zhejiang Loong Airlines","HUALONG"
CIT,"Zanesville Aviation","ZANE"
AYN,"FlyArystan","Arystan"
EMR,"Zenmour Airlines","ZENMOUR"
EZD,"Zest Airways","ZEST AIRWAYS"
GZQ,"Zagros Air","ZAGROS"
IMX,"Zimex Aviation","ZIMEX"
IZG,"Zagros Airlines","ZAGROS"
JTU,"Zhetysu","ZHETYSU"
KVZ,"Z-Aero Airlines",""
KZH,"Zhez Air",""
MBG,"Zephyr Aviation","CHALGROVE"
MLU,"Zracno Pristaniste Mali Losinj","MALI LOSINJ"
MZE,"Zenith Aviation (Malta)",""
ORZ,"Zorex","ZOREX"
PZY,"Zapolyarye Airline Company","ZAPOLYARYE"
RZR,"Zephyr Express","RECOVERY"
RZU,"Zhersu Avia","ZHERSU AVIA"
SYZ,"Zil Air","ZIL AIR"
TAN,"Zanair","ZANAIR"
ZAI,"Zaire Aero Service","ZASAIR"
ZAK,"Zambia Skyways","ZAMBIA SKIES"
ZAR,"Zairean Airlines","ZAIREAN"
ZAV,"Zetavia","ZETAVIA"
ZAW,"Zoom Airways","ZED AIR"
ZMA,"Zambezi Airlines","ZAMBEZI WINGS"
RZV,"Z-Avia","ZEDAVIA"
MBN,"Zambian Airways","ZAMBIANA"
ZAN,"Zantop International Airlines","ZANTOP"
ZAS,"ZAS Airlines of Egypt","ZAS AIRLINES"
CJG,"Zhejiang Airlines","ZHEJIANG"
CFZ,"Zhongfei General Aviation","ZHONGFEI"
CYN,"Zhongyuan Aviation","ZHONGYUAN"
WZP,"Zip","ZIPPER"
TZP,"Zipair Tokyo","ZIPPY"
OOM,"Zoom Airlines","ZOOM"
VYA,"Voyager Aviation","VOYAGER"
VKA,"Virtual Crane Airways","CRANE"
FBV,"FlyBus Virtual","FLYBUS"
ITV,"FlyITA Virtual","FLYITA"
RJV,"AerojetVA","AEROJETVA"
LRI,"Laridia Virtual Airlines","LARIDIA"
WKR,"Walker Air Transport","WALKER"
FWG,"Fly With Craig","FLY CRAIG"
ZPF,"PAFFSair","PAFFS"
HAZ,"Hangzhou Airlines","HANGZHOU"
NDY,"Nordfly","NORDFLY"
LUN,"LunAir","LUNAIR"
FXO,"Airfox","AIRFOX"
EUR,"Eurus Aviation","EURUS"
TKY,"TopSky","TOPSKY"
LIC,"AirLice","AIRLICE"
ZTF,"Terrafly","TERRAFLY"
FBG,"French Baguette","BAGUETTE"
GST,"Greenstone","GREENSTONE"
FUZ,"Fuzz","FUZZ"
MEO,"MetroAir","METROAIR"
SUZ,"Skysuisse","SKYSUISSE"
LGS,"LeGroupe","LEGROUPE"
ZMN,"Manston","MANSTON"
JRY,"JerryAir","JERRYAIR"
WYB,"WybeAir","WYBEAIR"
APK,"Alpaca","ALPACA"
LZG,"LeipzigAir","LEIPZIG AIR"
